session_key,try_seq,merchant_key,category_id,category_title,amount,session_status,try_status,psp_code,payer_card_key,created_at
S1,1,MTEST,1,آزمایشی,100,Verified,Verified,PSP-01,card-a,2026-01-05 10:00:00
S2,1,MTEST,1,آزمایشی,200,Verified,Verified,PSP-01,card-b,2026-01-12 10:00:00
S3,1,MTEST,1,آزمایشی,150,Failed,Failed,PSP-02,,2026-02-03 10:00:00
S3,2,MTEST,1,آزمایشی,150,Verified,Verified,PSP-02,card-a,2026-02-03 10:00:00
S4,1,MTEST,1,آزمایشی,300,Verified,Verified,PSP-01,card-c,2026-02-11 10:00:00
S5,1,MTEST,1,آزمایشی,400,Verified,Verified,PSP-01,,2026-02-18 10:00:00
S6,1,MTEST,1,آزمایشی,120,Verified,Verified,PSP-01,card-a,2026-03-02 10:00:00
S7,1,MTEST,1,آزمایشی,180,Verified,Verified,PSP-01,card-b,2026-03-08 10:00:00
S8,1,MTEST,1,آزمایشی,500,Verified,Verified,PSP-02,card-d,2026-03-14 10:00:00
S8,2,MTEST,1,آزمایشی,500,Verified,Verified,PSP-02,card-d,2026-03-14 10:00:00
S9,1,MTEST,1,آزمایشی,5000,Verified,Verified,PSP-03,card-e,2026-03-22 10:00:00
Z1,1,MZERO,1,آزمایشی,100,Verified,Verified,PSP-01,card-z1,2026-01-07 10:00:00
Z2,1,MZERO,1,آزمایشی,200,Verified,Verified,PSP-01,card-z2,2026-01-09 10:00:00
N1,1,MNULL,1,آزمایشی,300,Verified,Verified,PSP-01,,2026-03-10 10:00:00
