session_key,merchant_key,category_id,category_title,amount_rial,created_at,eventual_verified
M275-MAY-000,M275,C-SHOES,کیف و کفش,1000,2026-05-01T09:00:00,true
M275-MAY-001,M275,C-SHOES,کیف و کفش,1000,2026-05-01T12:00:00,true
M275-MAY-002,M275,C-SHOES,کیف و کفش,1000,2026-05-01T15:00:00,true
M275-MAY-003,M275,C-SHOES,کیف و کفش,1000,2026-05-01T18:00:00,true
M275-MAY-004,M275,C-SHOES,کیف و کفش,1000,2026-05-01T21:00:00,true
M275-MAY-005,M275,C-SHOES,کیف و کفش,1000,2026-05-02T00:00:00,true
M275-MAY-006,M275,C-SHOES,کیف و کفش,1000,2026-05-02T03:00:00,true
M275-MAY-007,M275,C-SHOES,کیف و کفش,1000,2026-05-02T06:00:00,true
M275-MAY-008,M275,C-SHOES,کیف و کفش,1000,2026-05-02T09:00:00,true
M275-MAY-009,M275,C-SHOES,کیف و کفش,1000,2026-05-02T12:00:00,true
M275-MAY-010,M275,C-SHOES,کیف و کفش,1000,2026-05-02T15:00:00,true
M275-MAY-011,M275,C-SHOES,کیف و کفش,1000,2026-05-02T18:00:00,true
M275-MAY-012,M275,C-SHOES,کیف و کفش,1000,2026-05-02T21:00:00,true
M275-MAY-013,M275,C-SHOES,کیف و کفش,1000,2026-05-03T00:00:00,true
M275-MAY-014,M275,C-SHOES,کیف و کفش,1000,2026-05-03T03:00:00,true
M275-MAY-015,M275,C-SHOES,کیف و کفش,1000,2026-05-03T06:00:00,true
M275-MAY-016,M275,C-SHOES,کیف و کفش,1000,2026-05-03T09:00:00,true
M275-MAY-017,M275,C-SHOES,کیف و کفش,1000,2026-05-03T12:00:00,true
M275-MAY-018,M275,C-SHOES,کیف و کفش,1000,2026-05-03T15:00:00,true
M275-MAY-019,M275,C-SHOES,کیف و کفش,1000,2026-05-03T18:00:00,true
M275-MAY-020,M275,C-SHOES,کیف و کفش,1000,2026-05-03T21:00:00,true
M275-MAY-021,M275,C-SHOES,کیف و کفش,1000,2026-05-04T00:00:00,true
M275-MAY-022,M275,C-SHOES,کیف و کفش,1000,2026-05-04T03:00:00,true
M275-MAY-023,M275,C-SHOES,کیف و کفش,1000,2026-05-04T06:00:00,true
M275-MAY-024,M275,C-SHOES,کیف و کفش,1000,2026-05-04T09:00:00,true
M275-MAY-025,M275,C-SHOES,کیف و کفش,1000,2026-05-04T12:00:00,true
M275-MAY-026,M275,C-SHOES,کیف و کفش,1000,2026-05-04T15:00:00,true
M275-MAY-027,M275,C-SHOES,کیف و کفش,1000,2026-05-04T18:00:00,true
M275-MAY-028,M275,C-SHOES,کیف و کفش,1000,2026-05-04T21:00:00,true
M275-MAY-029,M275,C-SHOES,کیف و کفش,1000,2026-05-05T00:00:00,true
M275-MAY-030,M275,C-SHOES,کیف و کفش,1000,2026-05-05T03:00:00,true
M275-MAY-031,M275,C-SHOES,کیف و کفش,1000,2026-05-05T06:00:00,true
M275-MAY-032,M275,C-SHOES,کیف و کفش,1000,2026-05-05T09:00:00,true
M275-MAY-033,M275,C-SHOES,کیف و کفش,1000,2026-05-05T12:00:00,true
M275-MAY-034,M275,C-SHOES,کیف و کفش,1000,2026-05-05T15:00:00,true
M275-MAY-035,M275,C-SHOES,کیف و کفش,1000,2026-05-05T18:00:00,true
M275-MAY-036,M275,C-SHOES,کیف و کفش,1000,2026-05-05T21:00:00,true
M275-MAY-037,M275,C-SHOES,کیف و کفش,1000,2026-05-06T00:00:00,true
M275-MAY-038,M275,C-SHOES,کیف و کفش,1000,2026-05-06T03:00:00,true
M275-MAY-039,M275,C-SHOES,کیف و کفش,1000,2026-05-06T06:00:00,true
M275-MAY-040,M275,C-SHOES,کیف و کفش,1000,2026-05-06T09:00:00,true
M275-MAY-041,M275,C-SHOES,کیف و کفش,1000,2026-05-06T12:00:00,true
M275-MAY-042,M275,C-SHOES,کیف و کفش,1000,2026-05-06T15:00:00,true
M275-MAY-043,M275,C-SHOES,کیف و کفش,1000,2026-05-06T18:00:00,true
M275-MAY-044,M275,C-SHOES,کیف و کفش,1000,2026-05-06T21:00:00,true
M275-MAY-045,M275,C-SHOES,کیف و کفش,1000,2026-05-07T00:00:00,true
M275-MAY-046,M275,C-SHOES,کیف و کفش,1000,2026-05-07T03:00:00,true
M275-MAY-047,M275,C-SHOES,کیف و کفش,1000,2026-05-07T06:00:00,true
M275-MAY-048,M275,C-SHOES,کیف و کفش,1000,2026-05-07T09:00:00,true
M275-MAY-049,M275,C-SHOES,کیف و کفش,1000,2026-05-07T12:00:00,true
M275-MAY-050,M275,C-SHOES,کیف و کفش,1000,2026-05-07T15:00:00,true
M275-MAY-051,M275,C-SHOES,کیف و کفش,1000,2026-05-07T18:00:00,true
M275-MAY-052,M275,C-SHOES,کیف و کفش,1000,2026-05-07T21:00:00,true
M275-MAY-053,M275,C-SHOES,کیف و کفش,1000,2026-05-08T00:00:00,true
M275-MAY-054,M275,C-SHOES,کیف و کفش,1000,2026-05-08T03:00:00,true
M275-MAY-055,M275,C-SHOES,کیف و کفش,1000,2026-05-08T06:00:00,true
M275-MAY-056,M275,C-SHOES,کیف و کفش,1000,2026-05-08T09:00:00,true
M275-MAY-057,M275,C-SHOES,کیف و کفش,1000,2026-05-08T12:00:00,true
M275-MAY-058,M275,C-SHOES,کیف و کفش,1000,2026-05-08T15:00:00,true
M275-MAY-059,M275,C-SHOES,کیف و کفش,1000,2026-05-08T18:00:00,true
M275-MAY-060,M275,C-SHOES,کیف و کفش,1000,2026-05-08T21:00:00,true
M275-MAY-061,M275,C-SHOES,کیف و کفش,1000,2026-05-09T00:00:00,true
M275-MAY-062,M275,C-SHOES,کیف و کفش,1000,2026-05-09T03:00:00,true
M275-MAY-063,M275,C-SHOES,کیف و کفش,1000,2026-05-09T06:00:00,true
M275-MAY-064,M275,C-SHOES,کیف و کفش,1000,2026-05-09T09:00:00,true
M275-MAY-065,M275,C-SHOES,کیف و کفش,1000,2026-05-09T12:00:00,true
M275-MAY-066,M275,C-SHOES,کیف و کفش,1000,2026-05-09T15:00:00,true
M275-MAY-067,M275,C-SHOES,کیف و کفش,1000,2026-05-09T18:00:00,true
M275-MAY-068,M275,C-SHOES,کیف و کفش,1000,2026-05-09T21:00:00,true
M275-MAY-069,M275,C-SHOES,کیف و کفش,1000,2026-05-10T00:00:00,true
M275-MAY-070,M275,C-SHOES,کیف و کفش,1000,2026-05-10T03:00:00,true
M275-MAY-071,M275,C-SHOES,کیف و کفش,1000,2026-05-10T06:00:00,true
M275-MAY-072,M275,C-SHOES,کیف و کفش,1000,2026-05-10T09:00:00,false
M275-MAY-073,M275,C-SHOES,کیف و کفش,1000,2026-05-10T12:00:00,false
M275-MAY-074,M275,C-SHOES,کیف و کفش,1000,2026-05-10T15:00:00,false
M275-MAY-075,M275,C-SHOES,کیف و کفش,1000,2026-05-10T18:00:00,false
M275-MAY-076,M275,C-SHOES,کیف و کفش,1000,2026-05-10T21:00:00,false
M275-MAY-077,M275,C-SHOES,کیف و کفش,1000,2026-05-11T00:00:00,false
M275-MAY-078,M275,C-SHOES,کیف و کفش,1000,2026-05-11T03:00:00,false
M275-MAY-079,M275,C-SHOES,کیف و کفش,1000,2026-05-11T06:00:00,false
M275-MAY-080,M275,C-SHOES,کیف و کفش,1000,2026-05-11T09:00:00,false
M275-MAY-081,M275,C-SHOES,کیف و کفش,1000,2026-05-11T12:00:00,false
M275-MAY-082,M275,C-SHOES,کیف و کفش,1000,2026-05-11T15:00:00,false
M275-MAY-083,M275,C-SHOES,کیف و کفش,1000,2026-05-11T18:00:00,false
M275-MAY-084,M275,C-SHOES,کیف و کفش,1000,2026-05-11T21:00:00,false
M275-MAY-085,M275,C-SHOES,کیف و کفش,1000,2026-05-12T00:00:00,false
M275-MAY-086,M275,C-SHOES,کیف و کفش,1000,2026-05-12T03:00:00,false
M275-MAY-087,M275,C-SHOES,کیف و کفش,1000,2026-05-12T06:00:00,false
M275-MAY-088,M275,C-SHOES,کیف و کفش,1000,2026-05-12T09:00:00,false
M275-MAY-089,M275,C-SHOES,کیف و کفش,1000,2026-05-12T12:00:00,false
M275-MAY-090,M275,C-SHOES,کیف و کفش,1000,2026-05-12T15:00:00,false
M275-MAY-091,M275,C-SHOES,کیف و کفش,1000,2026-05-12T18:00:00,false
M275-MAY-092,M275,C-SHOES,کیف و کفش,1000,2026-05-12T21:00:00,false
M275-MAY-093,M275,C-SHOES,کیف و کفش,1000,2026-05-13T00:00:00,false
M275-MAY-094,M275,C-SHOES,کیف و کفش,1000,2026-05-13T03:00:00,false
M275-MAY-095,M275,C-SHOES,کیف و کفش,1000,2026-05-13T06:00:00,false
M275-MAY-096,M275,C-SHOES,کیف و کفش,1000,2026-05-13T09:00:00,false
M275-MAY-097,M275,C-SHOES,کیف و کفش,1000,2026-05-13T12:00:00,false
M275-MAY-098,M275,C-SHOES,کیف و کفش,1000,2026-05-13T15:00:00,false
M275-MAY-099,M275,C-SHOES,کیف و کفش,1000,2026-05-13T18:00:00,false
M275-MAY-100,M275,C-SHOES,کیف و کفش,1000,2026-05-13T21:00:00,false
M275-MAY-101,M275,C-SHOES,کیف و کفش,1000,2026-05-14T00:00:00,false
M275-MAY-102,M275,C-SHOES,کیف و کفش,1000,2026-05-14T03:00:00,false
M275-MAY-103,M275,C-SHOES,کیف و کفش,1000,2026-05-14T06:00:00,false
M275-MAY-104,M275,C-SHOES,کیف و کفش,1000,2026-05-14T09:00:00,false
M275-MAY-105,M275,C-SHOES,کیف و کفش,1000,2026-05-14T12:00:00,false
M275-MAY-106,M275,C-SHOES,کیف و کفش,1000,2026-05-14T15:00:00,false
M275-MAY-107,M275,C-SHOES,کیف و کفش,1000,2026-05-14T18:00:00,false
M275-MAY-108,M275,C-SHOES,کیف و کفش,1000,2026-05-14T21:00:00,false
M275-MAY-109,M275,C-SHOES,کیف و کفش,1000,2026-05-15T00:00:00,false
M275-MAY-110,M275,C-SHOES,کیف و کفش,1000,2026-05-15T03:00:00,false
M275-MAY-111,M275,C-SHOES,کیف و کفش,1000,2026-05-15T06:00:00,false
M275-MAY-112,M275,C-SHOES,کیف و کفش,1000,2026-05-15T09:00:00,false
M275-MAY-113,M275,C-SHOES,کیف و کفش,1000,2026-05-15T12:00:00,false
M275-MAY-114,M275,C-SHOES,کیف و کفش,1000,2026-05-15T15:00:00,false
M275-MAY-115,M275,C-SHOES,کیف و کفش,1000,2026-05-15T18:00:00,false
M275-MAY-116,M275,C-SHOES,کیف و کفش,1000,2026-05-15T21:00:00,false
M275-MAY-117,M275,C-SHOES,کیف و کفش,1000,2026-05-16T00:00:00,false
M275-MAY-118,M275,C-SHOES,کیف و کفش,1000,2026-05-16T03:00:00,false
M275-MAY-119,M275,C-SHOES,کیف و کفش,1000,2026-05-16T06:00:00,false
M275-JUN-000,M275,C-SHOES,کیف و کفش,1100,2026-06-01T10:00:00,true
M275-JUN-001,M275,C-SHOES,کیف و کفش,1100,2026-06-01T10:01:00,true
M275-JUN-002,M275,C-SHOES,کیف و کفش,1100,2026-06-01T10:02:00,true
M275-JUN-003,M275,C-SHOES,کیف و کفش,1100,2026-06-01T10:03:00,true
M275-JUN-004,M275,C-SHOES,کیف و کفش,1100,2026-06-01T10:04:00,true
M275-JUN-005,M275,C-SHOES,کیف و کفش,1100,2026-06-01T10:05:00,true
M275-JUN-006,M275,C-SHOES,کیف و کفش,1100,2026-06-01T10:06:00,true
M275-JUN-007,M275,C-SHOES,کیف و کفش,1100,2026-06-01T10:07:00,true
M275-JUN-008,M275,C-SHOES,کیف و کفش,1100,2026-06-01T10:08:00,true
M275-JUN-009,M275,C-SHOES,کیف و کفش,1100,2026-06-01T10:09:00,true
M275-JUN-010,M275,C-SHOES,کیف و کفش,1100,2026-06-01T10:10:00,true
M275-JUN-011,M275,C-SHOES,کیف و کفش,1100,2026-06-01T10:11:00,true
M275-JUN-012,M275,C-SHOES,کیف و کفش,1100,2026-06-01T10:12:00,true
M275-JUN-013,M275,C-SHOES,کیف و کفش,1100,2026-06-01T10:13:00,true
M275-JUN-014,M275,C-SHOES,کیف و کفش,1100,2026-06-01T10:14:00,true
M275-JUN-015,M275,C-SHOES,کیف و کفش,1100,2026-06-01T10:15:00,true
M275-JUN-016,M275,C-SHOES,کیف و کفش,1100,2026-06-01T10:16:00,true
M275-JUN-017,M275,C-SHOES,کیف و کفش,1100,2026-06-01T10:17:00,true
M275-JUN-018,M275,C-SHOES,کیف و کفش,1100,2026-06-01T10:18:00,true
M275-JUN-019,M275,C-SHOES,کیف و کفش,1100,2026-06-01T10:19:00,true
M275-JUN-020,M275,C-SHOES,کیف و کفش,1100,2026-06-01T10:20:00,true
M275-JUN-021,M275,C-SHOES,کیف و کفش,1100,2026-06-01T10:21:00,true
M275-JUN-022,M275,C-SHOES,کیف و کفش,1100,2026-06-01T10:22:00,true
M275-JUN-023,M275,C-SHOES,کیف و کفش,1100,2026-06-01T10:23:00,true
M275-JUN-024,M275,C-SHOES,کیف و کفش,1100,2026-06-01T10:24:00,false
M275-JUN-025,M275,C-SHOES,کیف و کفش,1100,2026-06-01T10:25:00,false
M275-JUN-026,M275,C-SHOES,کیف و کفش,1100,2026-06-01T10:26:00,false
M275-JUN-027,M275,C-SHOES,کیف و کفش,1100,2026-06-01T10:27:00,false
M275-JUN-028,M275,C-SHOES,کیف و کفش,1100,2026-06-01T10:28:00,false
M275-JUN-029,M275,C-SHOES,کیف و کفش,1100,2026-06-01T10:29:00,false
M275-JUN-030,M275,C-SHOES,کیف و کفش,1100,2026-06-02T14:00:00,true
M275-JUN-031,M275,C-SHOES,کیف و کفش,1100,2026-06-02T14:01:00,true
M275-JUN-032,M275,C-SHOES,کیف و کفش,1100,2026-06-02T14:02:00,true
M275-JUN-033,M275,C-SHOES,کیف و کفش,1100,2026-06-02T14:03:00,true
M275-JUN-034,M275,C-SHOES,کیف و کفش,1100,2026-06-02T14:04:00,true
M275-JUN-035,M275,C-SHOES,کیف و کفش,1100,2026-06-02T14:05:00,true
M275-JUN-036,M275,C-SHOES,کیف و کفش,1100,2026-06-02T14:06:00,false
M275-JUN-037,M275,C-SHOES,کیف و کفش,1100,2026-06-02T14:07:00,false
M275-JUN-038,M275,C-SHOES,کیف و کفش,1100,2026-06-02T14:08:00,false
M275-JUN-039,M275,C-SHOES,کیف و کفش,1100,2026-06-02T14:09:00,false
M275-JUN-040,M275,C-SHOES,کیف و کفش,1100,2026-06-02T14:10:00,false
M275-JUN-041,M275,C-SHOES,کیف و کفش,1100,2026-06-02T14:11:00,false
M275-JUN-042,M275,C-SHOES,کیف و کفش,1100,2026-06-02T14:12:00,false
M275-JUN-043,M275,C-SHOES,کیف و کفش,1100,2026-06-02T14:13:00,false
M275-JUN-044,M275,C-SHOES,کیف و کفش,1100,2026-06-02T14:14:00,false
M275-JUN-045,M275,C-SHOES,کیف و کفش,1100,2026-06-02T14:15:00,false
M275-JUN-046,M275,C-SHOES,کیف و کفش,1100,2026-06-02T14:16:00,false
M275-JUN-047,M275,C-SHOES,کیف و کفش,1100,2026-06-02T14:17:00,false
M275-JUN-048,M275,C-SHOES,کیف و کفش,1100,2026-06-02T14:18:00,false
M275-JUN-049,M275,C-SHOES,کیف و کفش,1100,2026-06-02T14:19:00,false
M275-JUN-050,M275,C-SHOES,کیف و کفش,1100,2026-06-02T14:20:00,false
M275-JUN-051,M275,C-SHOES,کیف و کفش,1100,2026-06-02T14:21:00,false
M275-JUN-052,M275,C-SHOES,کیف و کفش,1100,2026-06-02T14:22:00,false
M275-JUN-053,M275,C-SHOES,کیف و کفش,1100,2026-06-02T14:23:00,false
M275-JUN-054,M275,C-SHOES,کیف و کفش,1100,2026-06-02T14:24:00,false
M275-JUN-055,M275,C-SHOES,کیف و کفش,1100,2026-06-02T14:25:00,false
M275-JUN-056,M275,C-SHOES,کیف و کفش,1100,2026-06-02T14:26:00,false
M275-JUN-057,M275,C-SHOES,کیف و کفش,1100,2026-06-02T14:27:00,false
M275-JUN-058,M275,C-SHOES,کیف و کفش,1100,2026-06-02T14:28:00,false
M275-JUN-059,M275,C-SHOES,کیف و کفش,1100,2026-06-02T14:29:00,false
M275-JUN-060,M275,C-SHOES,کیف و کفش,1100,2026-06-03T18:00:00,true
M275-JUN-061,M275,C-SHOES,کیف و کفش,1100,2026-06-03T18:01:00,true
M275-JUN-062,M275,C-SHOES,کیف و کفش,1100,2026-06-03T18:02:00,true
M275-JUN-063,M275,C-SHOES,کیف و کفش,1100,2026-06-03T18:03:00,true
M275-JUN-064,M275,C-SHOES,کیف و کفش,1100,2026-06-03T18:04:00,true
M275-JUN-065,M275,C-SHOES,کیف و کفش,1100,2026-06-03T18:05:00,true
M275-JUN-066,M275,C-SHOES,کیف و کفش,1100,2026-06-03T18:06:00,true
M275-JUN-067,M275,C-SHOES,کیف و کفش,1100,2026-06-03T18:07:00,true
M275-JUN-068,M275,C-SHOES,کیف و کفش,1100,2026-06-03T18:08:00,true
M275-JUN-069,M275,C-SHOES,کیف و کفش,1100,2026-06-03T18:09:00,true
M275-JUN-070,M275,C-SHOES,کیف و کفش,1100,2026-06-03T18:10:00,true
M275-JUN-071,M275,C-SHOES,کیف و کفش,1100,2026-06-03T18:11:00,true
M275-JUN-072,M275,C-SHOES,کیف و کفش,1100,2026-06-03T18:12:00,true
M275-JUN-073,M275,C-SHOES,کیف و کفش,1100,2026-06-03T18:13:00,true
M275-JUN-074,M275,C-SHOES,کیف و کفش,1100,2026-06-03T18:14:00,true
M275-JUN-075,M275,C-SHOES,کیف و کفش,1100,2026-06-03T18:15:00,false
M275-JUN-076,M275,C-SHOES,کیف و کفش,1100,2026-06-03T18:16:00,false
M275-JUN-077,M275,C-SHOES,کیف و کفش,1100,2026-06-03T18:17:00,false
M275-JUN-078,M275,C-SHOES,کیف و کفش,1100,2026-06-03T18:18:00,false
M275-JUN-079,M275,C-SHOES,کیف و کفش,1100,2026-06-03T18:19:00,false
M275-JUN-080,M275,C-SHOES,کیف و کفش,1100,2026-06-03T18:20:00,false
M275-JUN-081,M275,C-SHOES,کیف و کفش,1100,2026-06-03T18:21:00,false
M275-JUN-082,M275,C-SHOES,کیف و کفش,1100,2026-06-03T18:22:00,false
M275-JUN-083,M275,C-SHOES,کیف و کفش,1100,2026-06-03T18:23:00,false
M275-JUN-084,M275,C-SHOES,کیف و کفش,1100,2026-06-03T18:24:00,false
M275-JUN-085,M275,C-SHOES,کیف و کفش,1100,2026-06-03T18:25:00,false
M275-JUN-086,M275,C-SHOES,کیف و کفش,1100,2026-06-03T18:26:00,false
M275-JUN-087,M275,C-SHOES,کیف و کفش,1100,2026-06-03T18:27:00,false
M275-JUN-088,M275,C-SHOES,کیف و کفش,1100,2026-06-03T18:28:00,false
M275-JUN-089,M275,C-SHOES,کیف و کفش,1100,2026-06-03T18:29:00,false
M275-JUN-090,M275,C-SHOES,کیف و کفش,1100,2026-06-04T12:00:00,true
M275-JUN-091,M275,C-SHOES,کیف و کفش,1100,2026-06-04T12:01:00,true
M275-JUN-092,M275,C-SHOES,کیف و کفش,1100,2026-06-04T12:02:00,true
M275-JUN-093,M275,C-SHOES,کیف و کفش,1100,2026-06-04T12:03:00,true
M275-JUN-094,M275,C-SHOES,کیف و کفش,1100,2026-06-04T12:04:00,true
M275-JUN-095,M275,C-SHOES,کیف و کفش,1100,2026-06-04T12:05:00,true
M275-JUN-096,M275,C-SHOES,کیف و کفش,1100,2026-06-04T12:06:00,true
M275-JUN-097,M275,C-SHOES,کیف و کفش,1100,2026-06-04T12:07:00,true
M275-JUN-098,M275,C-SHOES,کیف و کفش,1100,2026-06-04T12:08:00,true
M275-JUN-099,M275,C-SHOES,کیف و کفش,1100,2026-06-04T12:09:00,true
M275-JUN-100,M275,C-SHOES,کیف و کفش,1100,2026-06-04T12:10:00,true
M275-JUN-101,M275,C-SHOES,کیف و کفش,1100,2026-06-04T12:11:00,true
M275-JUN-102,M275,C-SHOES,کیف و کفش,1100,2026-06-04T12:12:00,true
M275-JUN-103,M275,C-SHOES,کیف و کفش,1100,2026-06-04T12:13:00,true
M275-JUN-104,M275,C-SHOES,کیف و کفش,1100,2026-06-04T12:14:00,true
M275-JUN-105,M275,C-SHOES,کیف و کفش,1100,2026-06-04T12:15:00,false
M275-JUN-106,M275,C-SHOES,کیف و کفش,1100,2026-06-04T12:16:00,false
M275-JUN-107,M275,C-SHOES,کیف و کفش,1100,2026-06-04T12:17:00,false
M275-JUN-108,M275,C-SHOES,کیف و کفش,1100,2026-06-04T12:18:00,false
M275-JUN-109,M275,C-SHOES,کیف و کفش,1100,2026-06-04T12:19:00,false
M275-JUN-110,M275,C-SHOES,کیف و کفش,1100,2026-06-04T12:20:00,false
M275-JUN-111,M275,C-SHOES,کیف و کفش,1100,2026-06-04T12:21:00,false
M275-JUN-112,M275,C-SHOES,کیف و کفش,1100,2026-06-04T12:22:00,false
M275-JUN-113,M275,C-SHOES,کیف و کفش,1100,2026-06-04T12:23:00,false
M275-JUN-114,M275,C-SHOES,کیف و کفش,1100,2026-06-04T12:24:00,false
M275-JUN-115,M275,C-SHOES,کیف و کفش,1100,2026-06-04T12:25:00,false
M275-JUN-116,M275,C-SHOES,کیف و کفش,1100,2026-06-04T12:26:00,false
M275-JUN-117,M275,C-SHOES,کیف و کفش,1100,2026-06-04T12:27:00,false
M275-JUN-118,M275,C-SHOES,کیف و کفش,1100,2026-06-04T12:28:00,false
M275-JUN-119,M275,C-SHOES,کیف و کفش,1100,2026-06-04T12:29:00,false
M275-JUN-120,M275,C-SHOES,کیف و کفش,1100,2026-06-05T09:00:00,true
M275-JUN-121,M275,C-SHOES,کیف و کفش,1100,2026-06-05T09:01:00,true
M275-JUN-122,M275,C-SHOES,کیف و کفش,1100,2026-06-05T09:02:00,true
M275-JUN-123,M275,C-SHOES,کیف و کفش,1100,2026-06-05T09:03:00,true
M275-JUN-124,M275,C-SHOES,کیف و کفش,1100,2026-06-05T09:04:00,true
M275-JUN-125,M275,C-SHOES,کیف و کفش,1100,2026-06-05T09:05:00,true
M275-JUN-126,M275,C-SHOES,کیف و کفش,1100,2026-06-05T09:06:00,true
M275-JUN-127,M275,C-SHOES,کیف و کفش,1100,2026-06-05T09:07:00,true
M275-JUN-128,M275,C-SHOES,کیف و کفش,1100,2026-06-05T09:08:00,true
M275-JUN-129,M275,C-SHOES,کیف و کفش,1100,2026-06-05T09:09:00,true
M275-JUN-130,M275,C-SHOES,کیف و کفش,1100,2026-06-05T09:10:00,true
M275-JUN-131,M275,C-SHOES,کیف و کفش,1100,2026-06-05T09:11:00,true
M275-JUN-132,M275,C-SHOES,کیف و کفش,1100,2026-06-05T09:12:00,false
M275-JUN-133,M275,C-SHOES,کیف و کفش,1100,2026-06-05T09:13:00,false
M275-JUN-134,M275,C-SHOES,کیف و کفش,1100,2026-06-05T09:14:00,false
M275-JUN-135,M275,C-SHOES,کیف و کفش,1100,2026-06-05T09:15:00,false
M275-JUN-136,M275,C-SHOES,کیف و کفش,1100,2026-06-05T09:16:00,false
M275-JUN-137,M275,C-SHOES,کیف و کفش,1100,2026-06-05T09:17:00,false
M275-JUN-138,M275,C-SHOES,کیف و کفش,1100,2026-06-05T09:18:00,false
M275-JUN-139,M275,C-SHOES,کیف و کفش,1100,2026-06-05T09:19:00,false
M275-JUN-140,M275,C-SHOES,کیف و کفش,1100,2026-06-05T09:20:00,false
M275-JUN-141,M275,C-SHOES,کیف و کفش,1100,2026-06-05T09:21:00,false
M275-JUN-142,M275,C-SHOES,کیف و کفش,1100,2026-06-05T09:22:00,false
M275-JUN-143,M275,C-SHOES,کیف و کفش,1100,2026-06-05T09:23:00,false
P001-JUN-000,P001,C-SHOES,کیف و کفش,900,2026-06-07T09:00:00,true
P001-JUN-001,P001,C-SHOES,کیف و کفش,900,2026-06-07T09:01:00,true
P001-JUN-002,P001,C-SHOES,کیف و کفش,900,2026-06-07T09:02:00,true
P001-JUN-003,P001,C-SHOES,کیف و کفش,900,2026-06-07T09:03:00,true
P001-JUN-004,P001,C-SHOES,کیف و کفش,900,2026-06-07T09:04:00,true
P001-JUN-005,P001,C-SHOES,کیف و کفش,900,2026-06-07T09:05:00,true
P001-JUN-006,P001,C-SHOES,کیف و کفش,900,2026-06-07T09:06:00,true
P001-JUN-007,P001,C-SHOES,کیف و کفش,900,2026-06-07T09:07:00,true
P001-JUN-008,P001,C-SHOES,کیف و کفش,900,2026-06-07T09:08:00,true
P001-JUN-009,P001,C-SHOES,کیف و کفش,900,2026-06-07T09:09:00,true
P001-JUN-010,P001,C-SHOES,کیف و کفش,900,2026-06-07T09:10:00,true
P001-JUN-011,P001,C-SHOES,کیف و کفش,900,2026-06-07T09:11:00,true
P001-JUN-012,P001,C-SHOES,کیف و کفش,900,2026-06-07T09:12:00,true
P001-JUN-013,P001,C-SHOES,کیف و کفش,900,2026-06-07T09:13:00,true
P001-JUN-014,P001,C-SHOES,کیف و کفش,900,2026-06-07T09:14:00,true
P001-JUN-015,P001,C-SHOES,کیف و کفش,900,2026-06-07T09:15:00,true
P001-JUN-016,P001,C-SHOES,کیف و کفش,900,2026-06-07T09:16:00,true
P001-JUN-017,P001,C-SHOES,کیف و کفش,900,2026-06-07T09:17:00,true
P001-JUN-018,P001,C-SHOES,کیف و کفش,900,2026-06-07T09:18:00,true
P001-JUN-019,P001,C-SHOES,کیف و کفش,900,2026-06-07T09:19:00,true
P001-JUN-020,P001,C-SHOES,کیف و کفش,900,2026-06-07T09:20:00,true
P001-JUN-021,P001,C-SHOES,کیف و کفش,900,2026-06-07T09:21:00,true
P001-JUN-022,P001,C-SHOES,کیف و کفش,900,2026-06-07T09:22:00,true
P001-JUN-023,P001,C-SHOES,کیف و کفش,900,2026-06-07T09:23:00,true
P001-JUN-024,P001,C-SHOES,کیف و کفش,900,2026-06-07T09:24:00,true
P001-JUN-025,P001,C-SHOES,کیف و کفش,900,2026-06-07T09:25:00,true
P001-JUN-026,P001,C-SHOES,کیف و کفش,900,2026-06-07T09:26:00,true
P001-JUN-027,P001,C-SHOES,کیف و کفش,900,2026-06-07T09:27:00,true
P001-JUN-028,P001,C-SHOES,کیف و کفش,900,2026-06-07T09:28:00,true
P001-JUN-029,P001,C-SHOES,کیف و کفش,900,2026-06-07T09:29:00,true
P001-JUN-030,P001,C-SHOES,کیف و کفش,900,2026-06-07T09:30:00,false
P001-JUN-031,P001,C-SHOES,کیف و کفش,900,2026-06-07T09:31:00,false
P001-JUN-032,P001,C-SHOES,کیف و کفش,900,2026-06-07T09:32:00,false
P001-JUN-033,P001,C-SHOES,کیف و کفش,900,2026-06-07T09:33:00,false
P001-JUN-034,P001,C-SHOES,کیف و کفش,900,2026-06-07T09:34:00,false
P001-JUN-035,P001,C-SHOES,کیف و کفش,900,2026-06-07T09:35:00,false
P001-JUN-036,P001,C-SHOES,کیف و کفش,900,2026-06-07T09:36:00,false
P001-JUN-037,P001,C-SHOES,کیف و کفش,900,2026-06-07T09:37:00,false
P001-JUN-038,P001,C-SHOES,کیف و کفش,900,2026-06-07T09:38:00,false
P001-JUN-039,P001,C-SHOES,کیف و کفش,900,2026-06-07T09:39:00,false
P001-JUN-040,P001,C-SHOES,کیف و کفش,900,2026-06-07T09:40:00,false
P001-JUN-041,P001,C-SHOES,کیف و کفش,900,2026-06-07T09:41:00,false
P001-JUN-042,P001,C-SHOES,کیف و کفش,900,2026-06-07T09:42:00,false
P001-JUN-043,P001,C-SHOES,کیف و کفش,900,2026-06-07T09:43:00,false
P001-JUN-044,P001,C-SHOES,کیف و کفش,900,2026-06-07T09:44:00,false
P001-JUN-045,P001,C-SHOES,کیف و کفش,900,2026-06-07T09:45:00,false
P001-JUN-046,P001,C-SHOES,کیف و کفش,900,2026-06-07T09:46:00,false
P001-JUN-047,P001,C-SHOES,کیف و کفش,900,2026-06-07T09:47:00,false
P001-JUN-048,P001,C-SHOES,کیف و کفش,900,2026-06-07T09:48:00,false
P001-JUN-049,P001,C-SHOES,کیف و کفش,900,2026-06-07T09:49:00,false
P001-JUN-050,P001,C-SHOES,کیف و کفش,900,2026-06-07T09:50:00,false
P001-JUN-051,P001,C-SHOES,کیف و کفش,900,2026-06-07T09:51:00,false
P001-JUN-052,P001,C-SHOES,کیف و کفش,900,2026-06-07T09:52:00,false
P001-JUN-053,P001,C-SHOES,کیف و کفش,900,2026-06-07T09:53:00,false
P001-JUN-054,P001,C-SHOES,کیف و کفش,900,2026-06-07T09:54:00,false
P001-JUN-055,P001,C-SHOES,کیف و کفش,900,2026-06-07T09:55:00,false
P001-JUN-056,P001,C-SHOES,کیف و کفش,900,2026-06-07T09:56:00,false
P001-JUN-057,P001,C-SHOES,کیف و کفش,900,2026-06-07T09:57:00,false
P001-JUN-058,P001,C-SHOES,کیف و کفش,900,2026-06-07T09:58:00,false
P001-JUN-059,P001,C-SHOES,کیف و کفش,900,2026-06-07T09:59:00,false
P001-JUN-060,P001,C-SHOES,کیف و کفش,900,2026-06-07T10:00:00,false
P001-JUN-061,P001,C-SHOES,کیف و کفش,900,2026-06-07T10:01:00,false
P001-JUN-062,P001,C-SHOES,کیف و کفش,900,2026-06-07T10:02:00,false
P001-JUN-063,P001,C-SHOES,کیف و کفش,900,2026-06-07T10:03:00,false
P001-JUN-064,P001,C-SHOES,کیف و کفش,900,2026-06-07T10:04:00,false
P001-JUN-065,P001,C-SHOES,کیف و کفش,900,2026-06-07T10:05:00,false
P001-JUN-066,P001,C-SHOES,کیف و کفش,900,2026-06-07T10:06:00,false
P001-JUN-067,P001,C-SHOES,کیف و کفش,900,2026-06-07T10:07:00,false
P001-JUN-068,P001,C-SHOES,کیف و کفش,900,2026-06-07T10:08:00,false
P001-JUN-069,P001,C-SHOES,کیف و کفش,900,2026-06-07T10:09:00,false
P001-JUN-070,P001,C-SHOES,کیف و کفش,900,2026-06-07T10:10:00,false
P001-JUN-071,P001,C-SHOES,کیف و کفش,900,2026-06-07T10:11:00,false
P001-JUN-072,P001,C-SHOES,کیف و کفش,900,2026-06-07T10:12:00,false
P001-JUN-073,P001,C-SHOES,کیف و کفش,900,2026-06-07T10:13:00,false
P001-JUN-074,P001,C-SHOES,کیف و کفش,900,2026-06-07T10:14:00,false
P001-JUN-075,P001,C-SHOES,کیف و کفش,900,2026-06-07T10:15:00,false
P001-JUN-076,P001,C-SHOES,کیف و کفش,900,2026-06-07T10:16:00,false
P001-JUN-077,P001,C-SHOES,کیف و کفش,900,2026-06-07T10:17:00,false
P001-JUN-078,P001,C-SHOES,کیف و کفش,900,2026-06-07T10:18:00,false
P001-JUN-079,P001,C-SHOES,کیف و کفش,900,2026-06-07T10:19:00,false
P001-JUN-080,P001,C-SHOES,کیف و کفش,900,2026-06-07T10:20:00,false
P001-JUN-081,P001,C-SHOES,کیف و کفش,900,2026-06-07T10:21:00,false
P001-JUN-082,P001,C-SHOES,کیف و کفش,900,2026-06-07T10:22:00,false
P001-JUN-083,P001,C-SHOES,کیف و کفش,900,2026-06-07T10:23:00,false
P001-JUN-084,P001,C-SHOES,کیف و کفش,900,2026-06-07T10:24:00,false
P001-JUN-085,P001,C-SHOES,کیف و کفش,900,2026-06-07T10:25:00,false
P001-JUN-086,P001,C-SHOES,کیف و کفش,900,2026-06-07T10:26:00,false
P001-JUN-087,P001,C-SHOES,کیف و کفش,900,2026-06-07T10:27:00,false
P001-JUN-088,P001,C-SHOES,کیف و کفش,900,2026-06-07T10:28:00,false
P001-JUN-089,P001,C-SHOES,کیف و کفش,900,2026-06-07T10:29:00,false
P001-JUN-090,P001,C-SHOES,کیف و کفش,900,2026-06-07T10:30:00,false
P001-JUN-091,P001,C-SHOES,کیف و کفش,900,2026-06-07T10:31:00,false
P001-JUN-092,P001,C-SHOES,کیف و کفش,900,2026-06-07T10:32:00,false
P001-JUN-093,P001,C-SHOES,کیف و کفش,900,2026-06-07T10:33:00,false
P001-JUN-094,P001,C-SHOES,کیف و کفش,900,2026-06-07T10:34:00,false
P001-JUN-095,P001,C-SHOES,کیف و کفش,900,2026-06-07T10:35:00,false
P001-JUN-096,P001,C-SHOES,کیف و کفش,900,2026-06-07T10:36:00,false
P001-JUN-097,P001,C-SHOES,کیف و کفش,900,2026-06-07T10:37:00,false
P001-JUN-098,P001,C-SHOES,کیف و کفش,900,2026-06-07T10:38:00,false
P001-JUN-099,P001,C-SHOES,کیف و کفش,900,2026-06-07T10:39:00,false
P002-JUN-000,P002,C-SHOES,کیف و کفش,950,2026-06-08T10:00:00,true
P002-JUN-001,P002,C-SHOES,کیف و کفش,950,2026-06-08T10:01:00,true
P002-JUN-002,P002,C-SHOES,کیف و کفش,950,2026-06-08T10:02:00,true
P002-JUN-003,P002,C-SHOES,کیف و کفش,950,2026-06-08T10:03:00,true
P002-JUN-004,P002,C-SHOES,کیف و کفش,950,2026-06-08T10:04:00,true
P002-JUN-005,P002,C-SHOES,کیف و کفش,950,2026-06-08T10:05:00,true
P002-JUN-006,P002,C-SHOES,کیف و کفش,950,2026-06-08T10:06:00,true
P002-JUN-007,P002,C-SHOES,کیف و کفش,950,2026-06-08T10:07:00,true
P002-JUN-008,P002,C-SHOES,کیف و کفش,950,2026-06-08T10:08:00,true
P002-JUN-009,P002,C-SHOES,کیف و کفش,950,2026-06-08T10:09:00,true
P002-JUN-010,P002,C-SHOES,کیف و کفش,950,2026-06-08T10:10:00,true
P002-JUN-011,P002,C-SHOES,کیف و کفش,950,2026-06-08T10:11:00,true
P002-JUN-012,P002,C-SHOES,کیف و کفش,950,2026-06-08T10:12:00,true
P002-JUN-013,P002,C-SHOES,کیف و کفش,950,2026-06-08T10:13:00,true
P002-JUN-014,P002,C-SHOES,کیف و کفش,950,2026-06-08T10:14:00,true
P002-JUN-015,P002,C-SHOES,کیف و کفش,950,2026-06-08T10:15:00,true
P002-JUN-016,P002,C-SHOES,کیف و کفش,950,2026-06-08T10:16:00,true
P002-JUN-017,P002,C-SHOES,کیف و کفش,950,2026-06-08T10:17:00,true
P002-JUN-018,P002,C-SHOES,کیف و کفش,950,2026-06-08T10:18:00,true
P002-JUN-019,P002,C-SHOES,کیف و کفش,950,2026-06-08T10:19:00,true
P002-JUN-020,P002,C-SHOES,کیف و کفش,950,2026-06-08T10:20:00,true
P002-JUN-021,P002,C-SHOES,کیف و کفش,950,2026-06-08T10:21:00,true
P002-JUN-022,P002,C-SHOES,کیف و کفش,950,2026-06-08T10:22:00,true
P002-JUN-023,P002,C-SHOES,کیف و کفش,950,2026-06-08T10:23:00,true
P002-JUN-024,P002,C-SHOES,کیف و کفش,950,2026-06-08T10:24:00,true
P002-JUN-025,P002,C-SHOES,کیف و کفش,950,2026-06-08T10:25:00,true
P002-JUN-026,P002,C-SHOES,کیف و کفش,950,2026-06-08T10:26:00,true
P002-JUN-027,P002,C-SHOES,کیف و کفش,950,2026-06-08T10:27:00,true
P002-JUN-028,P002,C-SHOES,کیف و کفش,950,2026-06-08T10:28:00,true
P002-JUN-029,P002,C-SHOES,کیف و کفش,950,2026-06-08T10:29:00,true
P002-JUN-030,P002,C-SHOES,کیف و کفش,950,2026-06-08T10:30:00,true
P002-JUN-031,P002,C-SHOES,کیف و کفش,950,2026-06-08T10:31:00,true
P002-JUN-032,P002,C-SHOES,کیف و کفش,950,2026-06-08T10:32:00,true
P002-JUN-033,P002,C-SHOES,کیف و کفش,950,2026-06-08T10:33:00,true
P002-JUN-034,P002,C-SHOES,کیف و کفش,950,2026-06-08T10:34:00,true
P002-JUN-035,P002,C-SHOES,کیف و کفش,950,2026-06-08T10:35:00,true
P002-JUN-036,P002,C-SHOES,کیف و کفش,950,2026-06-08T10:36:00,true
P002-JUN-037,P002,C-SHOES,کیف و کفش,950,2026-06-08T10:37:00,true
P002-JUN-038,P002,C-SHOES,کیف و کفش,950,2026-06-08T10:38:00,true
P002-JUN-039,P002,C-SHOES,کیف و کفش,950,2026-06-08T10:39:00,true
P002-JUN-040,P002,C-SHOES,کیف و کفش,950,2026-06-08T10:40:00,false
P002-JUN-041,P002,C-SHOES,کیف و کفش,950,2026-06-08T10:41:00,false
P002-JUN-042,P002,C-SHOES,کیف و کفش,950,2026-06-08T10:42:00,false
P002-JUN-043,P002,C-SHOES,کیف و کفش,950,2026-06-08T10:43:00,false
P002-JUN-044,P002,C-SHOES,کیف و کفش,950,2026-06-08T10:44:00,false
P002-JUN-045,P002,C-SHOES,کیف و کفش,950,2026-06-08T10:45:00,false
P002-JUN-046,P002,C-SHOES,کیف و کفش,950,2026-06-08T10:46:00,false
P002-JUN-047,P002,C-SHOES,کیف و کفش,950,2026-06-08T10:47:00,false
P002-JUN-048,P002,C-SHOES,کیف و کفش,950,2026-06-08T10:48:00,false
P002-JUN-049,P002,C-SHOES,کیف و کفش,950,2026-06-08T10:49:00,false
P002-JUN-050,P002,C-SHOES,کیف و کفش,950,2026-06-08T10:50:00,false
P002-JUN-051,P002,C-SHOES,کیف و کفش,950,2026-06-08T10:51:00,false
P002-JUN-052,P002,C-SHOES,کیف و کفش,950,2026-06-08T10:52:00,false
P002-JUN-053,P002,C-SHOES,کیف و کفش,950,2026-06-08T10:53:00,false
P002-JUN-054,P002,C-SHOES,کیف و کفش,950,2026-06-08T10:54:00,false
P002-JUN-055,P002,C-SHOES,کیف و کفش,950,2026-06-08T10:55:00,false
P002-JUN-056,P002,C-SHOES,کیف و کفش,950,2026-06-08T10:56:00,false
P002-JUN-057,P002,C-SHOES,کیف و کفش,950,2026-06-08T10:57:00,false
P002-JUN-058,P002,C-SHOES,کیف و کفش,950,2026-06-08T10:58:00,false
P002-JUN-059,P002,C-SHOES,کیف و کفش,950,2026-06-08T10:59:00,false
P002-JUN-060,P002,C-SHOES,کیف و کفش,950,2026-06-08T11:00:00,false
P002-JUN-061,P002,C-SHOES,کیف و کفش,950,2026-06-08T11:01:00,false
P002-JUN-062,P002,C-SHOES,کیف و کفش,950,2026-06-08T11:02:00,false
P002-JUN-063,P002,C-SHOES,کیف و کفش,950,2026-06-08T11:03:00,false
P002-JUN-064,P002,C-SHOES,کیف و کفش,950,2026-06-08T11:04:00,false
P002-JUN-065,P002,C-SHOES,کیف و کفش,950,2026-06-08T11:05:00,false
P002-JUN-066,P002,C-SHOES,کیف و کفش,950,2026-06-08T11:06:00,false
P002-JUN-067,P002,C-SHOES,کیف و کفش,950,2026-06-08T11:07:00,false
P002-JUN-068,P002,C-SHOES,کیف و کفش,950,2026-06-08T11:08:00,false
P002-JUN-069,P002,C-SHOES,کیف و کفش,950,2026-06-08T11:09:00,false
P002-JUN-070,P002,C-SHOES,کیف و کفش,950,2026-06-08T11:10:00,false
P002-JUN-071,P002,C-SHOES,کیف و کفش,950,2026-06-08T11:11:00,false
P002-JUN-072,P002,C-SHOES,کیف و کفش,950,2026-06-08T11:12:00,false
P002-JUN-073,P002,C-SHOES,کیف و کفش,950,2026-06-08T11:13:00,false
P002-JUN-074,P002,C-SHOES,کیف و کفش,950,2026-06-08T11:14:00,false
P002-JUN-075,P002,C-SHOES,کیف و کفش,950,2026-06-08T11:15:00,false
P002-JUN-076,P002,C-SHOES,کیف و کفش,950,2026-06-08T11:16:00,false
P002-JUN-077,P002,C-SHOES,کیف و کفش,950,2026-06-08T11:17:00,false
P002-JUN-078,P002,C-SHOES,کیف و کفش,950,2026-06-08T11:18:00,false
P002-JUN-079,P002,C-SHOES,کیف و کفش,950,2026-06-08T11:19:00,false
P002-JUN-080,P002,C-SHOES,کیف و کفش,950,2026-06-08T11:20:00,false
P002-JUN-081,P002,C-SHOES,کیف و کفش,950,2026-06-08T11:21:00,false
P002-JUN-082,P002,C-SHOES,کیف و کفش,950,2026-06-08T11:22:00,false
P002-JUN-083,P002,C-SHOES,کیف و کفش,950,2026-06-08T11:23:00,false
P002-JUN-084,P002,C-SHOES,کیف و کفش,950,2026-06-08T11:24:00,false
P002-JUN-085,P002,C-SHOES,کیف و کفش,950,2026-06-08T11:25:00,false
P002-JUN-086,P002,C-SHOES,کیف و کفش,950,2026-06-08T11:26:00,false
P002-JUN-087,P002,C-SHOES,کیف و کفش,950,2026-06-08T11:27:00,false
P002-JUN-088,P002,C-SHOES,کیف و کفش,950,2026-06-08T11:28:00,false
P002-JUN-089,P002,C-SHOES,کیف و کفش,950,2026-06-08T11:29:00,false
P002-JUN-090,P002,C-SHOES,کیف و کفش,950,2026-06-08T11:30:00,false
P002-JUN-091,P002,C-SHOES,کیف و کفش,950,2026-06-08T11:31:00,false
P002-JUN-092,P002,C-SHOES,کیف و کفش,950,2026-06-08T11:32:00,false
P002-JUN-093,P002,C-SHOES,کیف و کفش,950,2026-06-08T11:33:00,false
P002-JUN-094,P002,C-SHOES,کیف و کفش,950,2026-06-08T11:34:00,false
P002-JUN-095,P002,C-SHOES,کیف و کفش,950,2026-06-08T11:35:00,false
P002-JUN-096,P002,C-SHOES,کیف و کفش,950,2026-06-08T11:36:00,false
P002-JUN-097,P002,C-SHOES,کیف و کفش,950,2026-06-08T11:37:00,false
P002-JUN-098,P002,C-SHOES,کیف و کفش,950,2026-06-08T11:38:00,false
P002-JUN-099,P002,C-SHOES,کیف و کفش,950,2026-06-08T11:39:00,false
P003-JUN-000,P003,C-SHOES,کیف و کفش,1000,2026-06-09T11:00:00,true
P003-JUN-001,P003,C-SHOES,کیف و کفش,1000,2026-06-09T11:01:00,true
P003-JUN-002,P003,C-SHOES,کیف و کفش,1000,2026-06-09T11:02:00,true
P003-JUN-003,P003,C-SHOES,کیف و کفش,1000,2026-06-09T11:03:00,true
P003-JUN-004,P003,C-SHOES,کیف و کفش,1000,2026-06-09T11:04:00,true
P003-JUN-005,P003,C-SHOES,کیف و کفش,1000,2026-06-09T11:05:00,true
P003-JUN-006,P003,C-SHOES,کیف و کفش,1000,2026-06-09T11:06:00,true
P003-JUN-007,P003,C-SHOES,کیف و کفش,1000,2026-06-09T11:07:00,true
P003-JUN-008,P003,C-SHOES,کیف و کفش,1000,2026-06-09T11:08:00,true
P003-JUN-009,P003,C-SHOES,کیف و کفش,1000,2026-06-09T11:09:00,true
P003-JUN-010,P003,C-SHOES,کیف و کفش,1000,2026-06-09T11:10:00,true
P003-JUN-011,P003,C-SHOES,کیف و کفش,1000,2026-06-09T11:11:00,true
P003-JUN-012,P003,C-SHOES,کیف و کفش,1000,2026-06-09T11:12:00,true
P003-JUN-013,P003,C-SHOES,کیف و کفش,1000,2026-06-09T11:13:00,true
P003-JUN-014,P003,C-SHOES,کیف و کفش,1000,2026-06-09T11:14:00,true
P003-JUN-015,P003,C-SHOES,کیف و کفش,1000,2026-06-09T11:15:00,true
P003-JUN-016,P003,C-SHOES,کیف و کفش,1000,2026-06-09T11:16:00,true
P003-JUN-017,P003,C-SHOES,کیف و کفش,1000,2026-06-09T11:17:00,true
P003-JUN-018,P003,C-SHOES,کیف و کفش,1000,2026-06-09T11:18:00,true
P003-JUN-019,P003,C-SHOES,کیف و کفش,1000,2026-06-09T11:19:00,true
P003-JUN-020,P003,C-SHOES,کیف و کفش,1000,2026-06-09T11:20:00,true
P003-JUN-021,P003,C-SHOES,کیف و کفش,1000,2026-06-09T11:21:00,true
P003-JUN-022,P003,C-SHOES,کیف و کفش,1000,2026-06-09T11:22:00,true
P003-JUN-023,P003,C-SHOES,کیف و کفش,1000,2026-06-09T11:23:00,true
P003-JUN-024,P003,C-SHOES,کیف و کفش,1000,2026-06-09T11:24:00,true
P003-JUN-025,P003,C-SHOES,کیف و کفش,1000,2026-06-09T11:25:00,true
P003-JUN-026,P003,C-SHOES,کیف و کفش,1000,2026-06-09T11:26:00,true
P003-JUN-027,P003,C-SHOES,کیف و کفش,1000,2026-06-09T11:27:00,true
P003-JUN-028,P003,C-SHOES,کیف و کفش,1000,2026-06-09T11:28:00,true
P003-JUN-029,P003,C-SHOES,کیف و کفش,1000,2026-06-09T11:29:00,true
P003-JUN-030,P003,C-SHOES,کیف و کفش,1000,2026-06-09T11:30:00,true
P003-JUN-031,P003,C-SHOES,کیف و کفش,1000,2026-06-09T11:31:00,true
P003-JUN-032,P003,C-SHOES,کیف و کفش,1000,2026-06-09T11:32:00,true
P003-JUN-033,P003,C-SHOES,کیف و کفش,1000,2026-06-09T11:33:00,true
P003-JUN-034,P003,C-SHOES,کیف و کفش,1000,2026-06-09T11:34:00,true
P003-JUN-035,P003,C-SHOES,کیف و کفش,1000,2026-06-09T11:35:00,true
P003-JUN-036,P003,C-SHOES,کیف و کفش,1000,2026-06-09T11:36:00,true
P003-JUN-037,P003,C-SHOES,کیف و کفش,1000,2026-06-09T11:37:00,true
P003-JUN-038,P003,C-SHOES,کیف و کفش,1000,2026-06-09T11:38:00,true
P003-JUN-039,P003,C-SHOES,کیف و کفش,1000,2026-06-09T11:39:00,true
P003-JUN-040,P003,C-SHOES,کیف و کفش,1000,2026-06-09T11:40:00,true
P003-JUN-041,P003,C-SHOES,کیف و کفش,1000,2026-06-09T11:41:00,true
P003-JUN-042,P003,C-SHOES,کیف و کفش,1000,2026-06-09T11:42:00,true
P003-JUN-043,P003,C-SHOES,کیف و کفش,1000,2026-06-09T11:43:00,true
P003-JUN-044,P003,C-SHOES,کیف و کفش,1000,2026-06-09T11:44:00,true
P003-JUN-045,P003,C-SHOES,کیف و کفش,1000,2026-06-09T11:45:00,false
P003-JUN-046,P003,C-SHOES,کیف و کفش,1000,2026-06-09T11:46:00,false
P003-JUN-047,P003,C-SHOES,کیف و کفش,1000,2026-06-09T11:47:00,false
P003-JUN-048,P003,C-SHOES,کیف و کفش,1000,2026-06-09T11:48:00,false
P003-JUN-049,P003,C-SHOES,کیف و کفش,1000,2026-06-09T11:49:00,false
P003-JUN-050,P003,C-SHOES,کیف و کفش,1000,2026-06-09T11:50:00,false
P003-JUN-051,P003,C-SHOES,کیف و کفش,1000,2026-06-09T11:51:00,false
P003-JUN-052,P003,C-SHOES,کیف و کفش,1000,2026-06-09T11:52:00,false
P003-JUN-053,P003,C-SHOES,کیف و کفش,1000,2026-06-09T11:53:00,false
P003-JUN-054,P003,C-SHOES,کیف و کفش,1000,2026-06-09T11:54:00,false
P003-JUN-055,P003,C-SHOES,کیف و کفش,1000,2026-06-09T11:55:00,false
P003-JUN-056,P003,C-SHOES,کیف و کفش,1000,2026-06-09T11:56:00,false
P003-JUN-057,P003,C-SHOES,کیف و کفش,1000,2026-06-09T11:57:00,false
P003-JUN-058,P003,C-SHOES,کیف و کفش,1000,2026-06-09T11:58:00,false
P003-JUN-059,P003,C-SHOES,کیف و کفش,1000,2026-06-09T11:59:00,false
P003-JUN-060,P003,C-SHOES,کیف و کفش,1000,2026-06-09T12:00:00,false
P003-JUN-061,P003,C-SHOES,کیف و کفش,1000,2026-06-09T12:01:00,false
P003-JUN-062,P003,C-SHOES,کیف و کفش,1000,2026-06-09T12:02:00,false
P003-JUN-063,P003,C-SHOES,کیف و کفش,1000,2026-06-09T12:03:00,false
P003-JUN-064,P003,C-SHOES,کیف و کفش,1000,2026-06-09T12:04:00,false
P003-JUN-065,P003,C-SHOES,کیف و کفش,1000,2026-06-09T12:05:00,false
P003-JUN-066,P003,C-SHOES,کیف و کفش,1000,2026-06-09T12:06:00,false
P003-JUN-067,P003,C-SHOES,کیف و کفش,1000,2026-06-09T12:07:00,false
P003-JUN-068,P003,C-SHOES,کیف و کفش,1000,2026-06-09T12:08:00,false
P003-JUN-069,P003,C-SHOES,کیف و کفش,1000,2026-06-09T12:09:00,false
P003-JUN-070,P003,C-SHOES,کیف و کفش,1000,2026-06-09T12:10:00,false
P003-JUN-071,P003,C-SHOES,کیف و کفش,1000,2026-06-09T12:11:00,false
P003-JUN-072,P003,C-SHOES,کیف و کفش,1000,2026-06-09T12:12:00,false
P003-JUN-073,P003,C-SHOES,کیف و کفش,1000,2026-06-09T12:13:00,false
P003-JUN-074,P003,C-SHOES,کیف و کفش,1000,2026-06-09T12:14:00,false
P003-JUN-075,P003,C-SHOES,کیف و کفش,1000,2026-06-09T12:15:00,false
P003-JUN-076,P003,C-SHOES,کیف و کفش,1000,2026-06-09T12:16:00,false
P003-JUN-077,P003,C-SHOES,کیف و کفش,1000,2026-06-09T12:17:00,false
P003-JUN-078,P003,C-SHOES,کیف و کفش,1000,2026-06-09T12:18:00,false
P003-JUN-079,P003,C-SHOES,کیف و کفش,1000,2026-06-09T12:19:00,false
P003-JUN-080,P003,C-SHOES,کیف و کفش,1000,2026-06-09T12:20:00,false
P003-JUN-081,P003,C-SHOES,کیف و کفش,1000,2026-06-09T12:21:00,false
P003-JUN-082,P003,C-SHOES,کیف و کفش,1000,2026-06-09T12:22:00,false
P003-JUN-083,P003,C-SHOES,کیف و کفش,1000,2026-06-09T12:23:00,false
P003-JUN-084,P003,C-SHOES,کیف و کفش,1000,2026-06-09T12:24:00,false
P003-JUN-085,P003,C-SHOES,کیف و کفش,1000,2026-06-09T12:25:00,false
P003-JUN-086,P003,C-SHOES,کیف و کفش,1000,2026-06-09T12:26:00,false
P003-JUN-087,P003,C-SHOES,کیف و کفش,1000,2026-06-09T12:27:00,false
P003-JUN-088,P003,C-SHOES,کیف و کفش,1000,2026-06-09T12:28:00,false
P003-JUN-089,P003,C-SHOES,کیف و کفش,1000,2026-06-09T12:29:00,false
P003-JUN-090,P003,C-SHOES,کیف و کفش,1000,2026-06-09T12:30:00,false
P003-JUN-091,P003,C-SHOES,کیف و کفش,1000,2026-06-09T12:31:00,false
P003-JUN-092,P003,C-SHOES,کیف و کفش,1000,2026-06-09T12:32:00,false
P003-JUN-093,P003,C-SHOES,کیف و کفش,1000,2026-06-09T12:33:00,false
P003-JUN-094,P003,C-SHOES,کیف و کفش,1000,2026-06-09T12:34:00,false
P003-JUN-095,P003,C-SHOES,کیف و کفش,1000,2026-06-09T12:35:00,false
P003-JUN-096,P003,C-SHOES,کیف و کفش,1000,2026-06-09T12:36:00,false
P003-JUN-097,P003,C-SHOES,کیف و کفش,1000,2026-06-09T12:37:00,false
P003-JUN-098,P003,C-SHOES,کیف و کفش,1000,2026-06-09T12:38:00,false
P003-JUN-099,P003,C-SHOES,کیف و کفش,1000,2026-06-09T12:39:00,false
P004-JUN-000,P004,C-SHOES,کیف و کفش,1050,2026-06-10T12:00:00,true
P004-JUN-001,P004,C-SHOES,کیف و کفش,1050,2026-06-10T12:01:00,true
P004-JUN-002,P004,C-SHOES,کیف و کفش,1050,2026-06-10T12:02:00,true
P004-JUN-003,P004,C-SHOES,کیف و کفش,1050,2026-06-10T12:03:00,true
P004-JUN-004,P004,C-SHOES,کیف و کفش,1050,2026-06-10T12:04:00,true
P004-JUN-005,P004,C-SHOES,کیف و کفش,1050,2026-06-10T12:05:00,true
P004-JUN-006,P004,C-SHOES,کیف و کفش,1050,2026-06-10T12:06:00,true
P004-JUN-007,P004,C-SHOES,کیف و کفش,1050,2026-06-10T12:07:00,true
P004-JUN-008,P004,C-SHOES,کیف و کفش,1050,2026-06-10T12:08:00,true
P004-JUN-009,P004,C-SHOES,کیف و کفش,1050,2026-06-10T12:09:00,true
P004-JUN-010,P004,C-SHOES,کیف و کفش,1050,2026-06-10T12:10:00,true
P004-JUN-011,P004,C-SHOES,کیف و کفش,1050,2026-06-10T12:11:00,true
P004-JUN-012,P004,C-SHOES,کیف و کفش,1050,2026-06-10T12:12:00,true
P004-JUN-013,P004,C-SHOES,کیف و کفش,1050,2026-06-10T12:13:00,true
P004-JUN-014,P004,C-SHOES,کیف و کفش,1050,2026-06-10T12:14:00,true
P004-JUN-015,P004,C-SHOES,کیف و کفش,1050,2026-06-10T12:15:00,true
P004-JUN-016,P004,C-SHOES,کیف و کفش,1050,2026-06-10T12:16:00,true
P004-JUN-017,P004,C-SHOES,کیف و کفش,1050,2026-06-10T12:17:00,true
P004-JUN-018,P004,C-SHOES,کیف و کفش,1050,2026-06-10T12:18:00,true
P004-JUN-019,P004,C-SHOES,کیف و کفش,1050,2026-06-10T12:19:00,true
P004-JUN-020,P004,C-SHOES,کیف و کفش,1050,2026-06-10T12:20:00,true
P004-JUN-021,P004,C-SHOES,کیف و کفش,1050,2026-06-10T12:21:00,true
P004-JUN-022,P004,C-SHOES,کیف و کفش,1050,2026-06-10T12:22:00,true
P004-JUN-023,P004,C-SHOES,کیف و کفش,1050,2026-06-10T12:23:00,true
P004-JUN-024,P004,C-SHOES,کیف و کفش,1050,2026-06-10T12:24:00,true
P004-JUN-025,P004,C-SHOES,کیف و کفش,1050,2026-06-10T12:25:00,true
P004-JUN-026,P004,C-SHOES,کیف و کفش,1050,2026-06-10T12:26:00,true
P004-JUN-027,P004,C-SHOES,کیف و کفش,1050,2026-06-10T12:27:00,true
P004-JUN-028,P004,C-SHOES,کیف و کفش,1050,2026-06-10T12:28:00,true
P004-JUN-029,P004,C-SHOES,کیف و کفش,1050,2026-06-10T12:29:00,true
P004-JUN-030,P004,C-SHOES,کیف و کفش,1050,2026-06-10T12:30:00,true
P004-JUN-031,P004,C-SHOES,کیف و کفش,1050,2026-06-10T12:31:00,true
P004-JUN-032,P004,C-SHOES,کیف و کفش,1050,2026-06-10T12:32:00,true
P004-JUN-033,P004,C-SHOES,کیف و کفش,1050,2026-06-10T12:33:00,true
P004-JUN-034,P004,C-SHOES,کیف و کفش,1050,2026-06-10T12:34:00,true
P004-JUN-035,P004,C-SHOES,کیف و کفش,1050,2026-06-10T12:35:00,true
P004-JUN-036,P004,C-SHOES,کیف و کفش,1050,2026-06-10T12:36:00,true
P004-JUN-037,P004,C-SHOES,کیف و کفش,1050,2026-06-10T12:37:00,true
P004-JUN-038,P004,C-SHOES,کیف و کفش,1050,2026-06-10T12:38:00,true
P004-JUN-039,P004,C-SHOES,کیف و کفش,1050,2026-06-10T12:39:00,true
P004-JUN-040,P004,C-SHOES,کیف و کفش,1050,2026-06-10T12:40:00,true
P004-JUN-041,P004,C-SHOES,کیف و کفش,1050,2026-06-10T12:41:00,true
P004-JUN-042,P004,C-SHOES,کیف و کفش,1050,2026-06-10T12:42:00,true
P004-JUN-043,P004,C-SHOES,کیف و کفش,1050,2026-06-10T12:43:00,true
P004-JUN-044,P004,C-SHOES,کیف و کفش,1050,2026-06-10T12:44:00,true
P004-JUN-045,P004,C-SHOES,کیف و کفش,1050,2026-06-10T12:45:00,true
P004-JUN-046,P004,C-SHOES,کیف و کفش,1050,2026-06-10T12:46:00,true
P004-JUN-047,P004,C-SHOES,کیف و کفش,1050,2026-06-10T12:47:00,true
P004-JUN-048,P004,C-SHOES,کیف و کفش,1050,2026-06-10T12:48:00,true
P004-JUN-049,P004,C-SHOES,کیف و کفش,1050,2026-06-10T12:49:00,true
P004-JUN-050,P004,C-SHOES,کیف و کفش,1050,2026-06-10T12:50:00,false
P004-JUN-051,P004,C-SHOES,کیف و کفش,1050,2026-06-10T12:51:00,false
P004-JUN-052,P004,C-SHOES,کیف و کفش,1050,2026-06-10T12:52:00,false
P004-JUN-053,P004,C-SHOES,کیف و کفش,1050,2026-06-10T12:53:00,false
P004-JUN-054,P004,C-SHOES,کیف و کفش,1050,2026-06-10T12:54:00,false
P004-JUN-055,P004,C-SHOES,کیف و کفش,1050,2026-06-10T12:55:00,false
P004-JUN-056,P004,C-SHOES,کیف و کفش,1050,2026-06-10T12:56:00,false
P004-JUN-057,P004,C-SHOES,کیف و کفش,1050,2026-06-10T12:57:00,false
P004-JUN-058,P004,C-SHOES,کیف و کفش,1050,2026-06-10T12:58:00,false
P004-JUN-059,P004,C-SHOES,کیف و کفش,1050,2026-06-10T12:59:00,false
P004-JUN-060,P004,C-SHOES,کیف و کفش,1050,2026-06-10T13:00:00,false
P004-JUN-061,P004,C-SHOES,کیف و کفش,1050,2026-06-10T13:01:00,false
P004-JUN-062,P004,C-SHOES,کیف و کفش,1050,2026-06-10T13:02:00,false
P004-JUN-063,P004,C-SHOES,کیف و کفش,1050,2026-06-10T13:03:00,false
P004-JUN-064,P004,C-SHOES,کیف و کفش,1050,2026-06-10T13:04:00,false
P004-JUN-065,P004,C-SHOES,کیف و کفش,1050,2026-06-10T13:05:00,false
P004-JUN-066,P004,C-SHOES,کیف و کفش,1050,2026-06-10T13:06:00,false
P004-JUN-067,P004,C-SHOES,کیف و کفش,1050,2026-06-10T13:07:00,false
P004-JUN-068,P004,C-SHOES,کیف و کفش,1050,2026-06-10T13:08:00,false
P004-JUN-069,P004,C-SHOES,کیف و کفش,1050,2026-06-10T13:09:00,false
P004-JUN-070,P004,C-SHOES,کیف و کفش,1050,2026-06-10T13:10:00,false
P004-JUN-071,P004,C-SHOES,کیف و کفش,1050,2026-06-10T13:11:00,false
P004-JUN-072,P004,C-SHOES,کیف و کفش,1050,2026-06-10T13:12:00,false
P004-JUN-073,P004,C-SHOES,کیف و کفش,1050,2026-06-10T13:13:00,false
P004-JUN-074,P004,C-SHOES,کیف و کفش,1050,2026-06-10T13:14:00,false
P004-JUN-075,P004,C-SHOES,کیف و کفش,1050,2026-06-10T13:15:00,false
P004-JUN-076,P004,C-SHOES,کیف و کفش,1050,2026-06-10T13:16:00,false
P004-JUN-077,P004,C-SHOES,کیف و کفش,1050,2026-06-10T13:17:00,false
P004-JUN-078,P004,C-SHOES,کیف و کفش,1050,2026-06-10T13:18:00,false
P004-JUN-079,P004,C-SHOES,کیف و کفش,1050,2026-06-10T13:19:00,false
P004-JUN-080,P004,C-SHOES,کیف و کفش,1050,2026-06-10T13:20:00,false
P004-JUN-081,P004,C-SHOES,کیف و کفش,1050,2026-06-10T13:21:00,false
P004-JUN-082,P004,C-SHOES,کیف و کفش,1050,2026-06-10T13:22:00,false
P004-JUN-083,P004,C-SHOES,کیف و کفش,1050,2026-06-10T13:23:00,false
P004-JUN-084,P004,C-SHOES,کیف و کفش,1050,2026-06-10T13:24:00,false
P004-JUN-085,P004,C-SHOES,کیف و کفش,1050,2026-06-10T13:25:00,false
P004-JUN-086,P004,C-SHOES,کیف و کفش,1050,2026-06-10T13:26:00,false
P004-JUN-087,P004,C-SHOES,کیف و کفش,1050,2026-06-10T13:27:00,false
P004-JUN-088,P004,C-SHOES,کیف و کفش,1050,2026-06-10T13:28:00,false
P004-JUN-089,P004,C-SHOES,کیف و کفش,1050,2026-06-10T13:29:00,false
P004-JUN-090,P004,C-SHOES,کیف و کفش,1050,2026-06-10T13:30:00,false
P004-JUN-091,P004,C-SHOES,کیف و کفش,1050,2026-06-10T13:31:00,false
P004-JUN-092,P004,C-SHOES,کیف و کفش,1050,2026-06-10T13:32:00,false
P004-JUN-093,P004,C-SHOES,کیف و کفش,1050,2026-06-10T13:33:00,false
P004-JUN-094,P004,C-SHOES,کیف و کفش,1050,2026-06-10T13:34:00,false
P004-JUN-095,P004,C-SHOES,کیف و کفش,1050,2026-06-10T13:35:00,false
P004-JUN-096,P004,C-SHOES,کیف و کفش,1050,2026-06-10T13:36:00,false
P004-JUN-097,P004,C-SHOES,کیف و کفش,1050,2026-06-10T13:37:00,false
P004-JUN-098,P004,C-SHOES,کیف و کفش,1050,2026-06-10T13:38:00,false
P004-JUN-099,P004,C-SHOES,کیف و کفش,1050,2026-06-10T13:39:00,false
P005-JUN-000,P005,C-SHOES,کیف و کفش,1100,2026-06-11T13:00:00,true
P005-JUN-001,P005,C-SHOES,کیف و کفش,1100,2026-06-11T13:01:00,true
P005-JUN-002,P005,C-SHOES,کیف و کفش,1100,2026-06-11T13:02:00,true
P005-JUN-003,P005,C-SHOES,کیف و کفش,1100,2026-06-11T13:03:00,true
P005-JUN-004,P005,C-SHOES,کیف و کفش,1100,2026-06-11T13:04:00,true
P005-JUN-005,P005,C-SHOES,کیف و کفش,1100,2026-06-11T13:05:00,true
P005-JUN-006,P005,C-SHOES,کیف و کفش,1100,2026-06-11T13:06:00,true
P005-JUN-007,P005,C-SHOES,کیف و کفش,1100,2026-06-11T13:07:00,true
P005-JUN-008,P005,C-SHOES,کیف و کفش,1100,2026-06-11T13:08:00,true
P005-JUN-009,P005,C-SHOES,کیف و کفش,1100,2026-06-11T13:09:00,true
P005-JUN-010,P005,C-SHOES,کیف و کفش,1100,2026-06-11T13:10:00,true
P005-JUN-011,P005,C-SHOES,کیف و کفش,1100,2026-06-11T13:11:00,true
P005-JUN-012,P005,C-SHOES,کیف و کفش,1100,2026-06-11T13:12:00,true
P005-JUN-013,P005,C-SHOES,کیف و کفش,1100,2026-06-11T13:13:00,true
P005-JUN-014,P005,C-SHOES,کیف و کفش,1100,2026-06-11T13:14:00,true
P005-JUN-015,P005,C-SHOES,کیف و کفش,1100,2026-06-11T13:15:00,true
P005-JUN-016,P005,C-SHOES,کیف و کفش,1100,2026-06-11T13:16:00,true
P005-JUN-017,P005,C-SHOES,کیف و کفش,1100,2026-06-11T13:17:00,true
P005-JUN-018,P005,C-SHOES,کیف و کفش,1100,2026-06-11T13:18:00,true
P005-JUN-019,P005,C-SHOES,کیف و کفش,1100,2026-06-11T13:19:00,true
P005-JUN-020,P005,C-SHOES,کیف و کفش,1100,2026-06-11T13:20:00,true
P005-JUN-021,P005,C-SHOES,کیف و کفش,1100,2026-06-11T13:21:00,true
P005-JUN-022,P005,C-SHOES,کیف و کفش,1100,2026-06-11T13:22:00,true
P005-JUN-023,P005,C-SHOES,کیف و کفش,1100,2026-06-11T13:23:00,true
P005-JUN-024,P005,C-SHOES,کیف و کفش,1100,2026-06-11T13:24:00,true
P005-JUN-025,P005,C-SHOES,کیف و کفش,1100,2026-06-11T13:25:00,true
P005-JUN-026,P005,C-SHOES,کیف و کفش,1100,2026-06-11T13:26:00,true
P005-JUN-027,P005,C-SHOES,کیف و کفش,1100,2026-06-11T13:27:00,true
P005-JUN-028,P005,C-SHOES,کیف و کفش,1100,2026-06-11T13:28:00,true
P005-JUN-029,P005,C-SHOES,کیف و کفش,1100,2026-06-11T13:29:00,true
P005-JUN-030,P005,C-SHOES,کیف و کفش,1100,2026-06-11T13:30:00,true
P005-JUN-031,P005,C-SHOES,کیف و کفش,1100,2026-06-11T13:31:00,true
P005-JUN-032,P005,C-SHOES,کیف و کفش,1100,2026-06-11T13:32:00,true
P005-JUN-033,P005,C-SHOES,کیف و کفش,1100,2026-06-11T13:33:00,true
P005-JUN-034,P005,C-SHOES,کیف و کفش,1100,2026-06-11T13:34:00,true
P005-JUN-035,P005,C-SHOES,کیف و کفش,1100,2026-06-11T13:35:00,true
P005-JUN-036,P005,C-SHOES,کیف و کفش,1100,2026-06-11T13:36:00,true
P005-JUN-037,P005,C-SHOES,کیف و کفش,1100,2026-06-11T13:37:00,true
P005-JUN-038,P005,C-SHOES,کیف و کفش,1100,2026-06-11T13:38:00,true
P005-JUN-039,P005,C-SHOES,کیف و کفش,1100,2026-06-11T13:39:00,true
P005-JUN-040,P005,C-SHOES,کیف و کفش,1100,2026-06-11T13:40:00,true
P005-JUN-041,P005,C-SHOES,کیف و کفش,1100,2026-06-11T13:41:00,true
P005-JUN-042,P005,C-SHOES,کیف و کفش,1100,2026-06-11T13:42:00,true
P005-JUN-043,P005,C-SHOES,کیف و کفش,1100,2026-06-11T13:43:00,true
P005-JUN-044,P005,C-SHOES,کیف و کفش,1100,2026-06-11T13:44:00,true
P005-JUN-045,P005,C-SHOES,کیف و کفش,1100,2026-06-11T13:45:00,true
P005-JUN-046,P005,C-SHOES,کیف و کفش,1100,2026-06-11T13:46:00,true
P005-JUN-047,P005,C-SHOES,کیف و کفش,1100,2026-06-11T13:47:00,true
P005-JUN-048,P005,C-SHOES,کیف و کفش,1100,2026-06-11T13:48:00,true
P005-JUN-049,P005,C-SHOES,کیف و کفش,1100,2026-06-11T13:49:00,true
P005-JUN-050,P005,C-SHOES,کیف و کفش,1100,2026-06-11T13:50:00,false
P005-JUN-051,P005,C-SHOES,کیف و کفش,1100,2026-06-11T13:51:00,false
P005-JUN-052,P005,C-SHOES,کیف و کفش,1100,2026-06-11T13:52:00,false
P005-JUN-053,P005,C-SHOES,کیف و کفش,1100,2026-06-11T13:53:00,false
P005-JUN-054,P005,C-SHOES,کیف و کفش,1100,2026-06-11T13:54:00,false
P005-JUN-055,P005,C-SHOES,کیف و کفش,1100,2026-06-11T13:55:00,false
P005-JUN-056,P005,C-SHOES,کیف و کفش,1100,2026-06-11T13:56:00,false
P005-JUN-057,P005,C-SHOES,کیف و کفش,1100,2026-06-11T13:57:00,false
P005-JUN-058,P005,C-SHOES,کیف و کفش,1100,2026-06-11T13:58:00,false
P005-JUN-059,P005,C-SHOES,کیف و کفش,1100,2026-06-11T13:59:00,false
P005-JUN-060,P005,C-SHOES,کیف و کفش,1100,2026-06-11T14:00:00,false
P005-JUN-061,P005,C-SHOES,کیف و کفش,1100,2026-06-11T14:01:00,false
P005-JUN-062,P005,C-SHOES,کیف و کفش,1100,2026-06-11T14:02:00,false
P005-JUN-063,P005,C-SHOES,کیف و کفش,1100,2026-06-11T14:03:00,false
P005-JUN-064,P005,C-SHOES,کیف و کفش,1100,2026-06-11T14:04:00,false
P005-JUN-065,P005,C-SHOES,کیف و کفش,1100,2026-06-11T14:05:00,false
P005-JUN-066,P005,C-SHOES,کیف و کفش,1100,2026-06-11T14:06:00,false
P005-JUN-067,P005,C-SHOES,کیف و کفش,1100,2026-06-11T14:07:00,false
P005-JUN-068,P005,C-SHOES,کیف و کفش,1100,2026-06-11T14:08:00,false
P005-JUN-069,P005,C-SHOES,کیف و کفش,1100,2026-06-11T14:09:00,false
P005-JUN-070,P005,C-SHOES,کیف و کفش,1100,2026-06-11T14:10:00,false
P005-JUN-071,P005,C-SHOES,کیف و کفش,1100,2026-06-11T14:11:00,false
P005-JUN-072,P005,C-SHOES,کیف و کفش,1100,2026-06-11T14:12:00,false
P005-JUN-073,P005,C-SHOES,کیف و کفش,1100,2026-06-11T14:13:00,false
P005-JUN-074,P005,C-SHOES,کیف و کفش,1100,2026-06-11T14:14:00,false
P005-JUN-075,P005,C-SHOES,کیف و کفش,1100,2026-06-11T14:15:00,false
P005-JUN-076,P005,C-SHOES,کیف و کفش,1100,2026-06-11T14:16:00,false
P005-JUN-077,P005,C-SHOES,کیف و کفش,1100,2026-06-11T14:17:00,false
P005-JUN-078,P005,C-SHOES,کیف و کفش,1100,2026-06-11T14:18:00,false
P005-JUN-079,P005,C-SHOES,کیف و کفش,1100,2026-06-11T14:19:00,false
P005-JUN-080,P005,C-SHOES,کیف و کفش,1100,2026-06-11T14:20:00,false
P005-JUN-081,P005,C-SHOES,کیف و کفش,1100,2026-06-11T14:21:00,false
P005-JUN-082,P005,C-SHOES,کیف و کفش,1100,2026-06-11T14:22:00,false
P005-JUN-083,P005,C-SHOES,کیف و کفش,1100,2026-06-11T14:23:00,false
P005-JUN-084,P005,C-SHOES,کیف و کفش,1100,2026-06-11T14:24:00,false
P005-JUN-085,P005,C-SHOES,کیف و کفش,1100,2026-06-11T14:25:00,false
P005-JUN-086,P005,C-SHOES,کیف و کفش,1100,2026-06-11T14:26:00,false
P005-JUN-087,P005,C-SHOES,کیف و کفش,1100,2026-06-11T14:27:00,false
P005-JUN-088,P005,C-SHOES,کیف و کفش,1100,2026-06-11T14:28:00,false
P005-JUN-089,P005,C-SHOES,کیف و کفش,1100,2026-06-11T14:29:00,false
P005-JUN-090,P005,C-SHOES,کیف و کفش,1100,2026-06-11T14:30:00,false
P005-JUN-091,P005,C-SHOES,کیف و کفش,1100,2026-06-11T14:31:00,false
P005-JUN-092,P005,C-SHOES,کیف و کفش,1100,2026-06-11T14:32:00,false
P005-JUN-093,P005,C-SHOES,کیف و کفش,1100,2026-06-11T14:33:00,false
P005-JUN-094,P005,C-SHOES,کیف و کفش,1100,2026-06-11T14:34:00,false
P005-JUN-095,P005,C-SHOES,کیف و کفش,1100,2026-06-11T14:35:00,false
P005-JUN-096,P005,C-SHOES,کیف و کفش,1100,2026-06-11T14:36:00,false
P005-JUN-097,P005,C-SHOES,کیف و کفش,1100,2026-06-11T14:37:00,false
P005-JUN-098,P005,C-SHOES,کیف و کفش,1100,2026-06-11T14:38:00,false
P005-JUN-099,P005,C-SHOES,کیف و کفش,1100,2026-06-11T14:39:00,false
P006-JUN-000,P006,C-SHOES,کیف و کفش,1150,2026-06-12T14:00:00,true
P006-JUN-001,P006,C-SHOES,کیف و کفش,1150,2026-06-12T14:01:00,true
P006-JUN-002,P006,C-SHOES,کیف و کفش,1150,2026-06-12T14:02:00,true
P006-JUN-003,P006,C-SHOES,کیف و کفش,1150,2026-06-12T14:03:00,true
P006-JUN-004,P006,C-SHOES,کیف و کفش,1150,2026-06-12T14:04:00,true
P006-JUN-005,P006,C-SHOES,کیف و کفش,1150,2026-06-12T14:05:00,true
P006-JUN-006,P006,C-SHOES,کیف و کفش,1150,2026-06-12T14:06:00,true
P006-JUN-007,P006,C-SHOES,کیف و کفش,1150,2026-06-12T14:07:00,true
P006-JUN-008,P006,C-SHOES,کیف و کفش,1150,2026-06-12T14:08:00,true
P006-JUN-009,P006,C-SHOES,کیف و کفش,1150,2026-06-12T14:09:00,true
P006-JUN-010,P006,C-SHOES,کیف و کفش,1150,2026-06-12T14:10:00,true
P006-JUN-011,P006,C-SHOES,کیف و کفش,1150,2026-06-12T14:11:00,true
P006-JUN-012,P006,C-SHOES,کیف و کفش,1150,2026-06-12T14:12:00,true
P006-JUN-013,P006,C-SHOES,کیف و کفش,1150,2026-06-12T14:13:00,true
P006-JUN-014,P006,C-SHOES,کیف و کفش,1150,2026-06-12T14:14:00,true
P006-JUN-015,P006,C-SHOES,کیف و کفش,1150,2026-06-12T14:15:00,true
P006-JUN-016,P006,C-SHOES,کیف و کفش,1150,2026-06-12T14:16:00,true
P006-JUN-017,P006,C-SHOES,کیف و کفش,1150,2026-06-12T14:17:00,true
P006-JUN-018,P006,C-SHOES,کیف و کفش,1150,2026-06-12T14:18:00,true
P006-JUN-019,P006,C-SHOES,کیف و کفش,1150,2026-06-12T14:19:00,true
P006-JUN-020,P006,C-SHOES,کیف و کفش,1150,2026-06-12T14:20:00,true
P006-JUN-021,P006,C-SHOES,کیف و کفش,1150,2026-06-12T14:21:00,true
P006-JUN-022,P006,C-SHOES,کیف و کفش,1150,2026-06-12T14:22:00,true
P006-JUN-023,P006,C-SHOES,کیف و کفش,1150,2026-06-12T14:23:00,true
P006-JUN-024,P006,C-SHOES,کیف و کفش,1150,2026-06-12T14:24:00,true
P006-JUN-025,P006,C-SHOES,کیف و کفش,1150,2026-06-12T14:25:00,true
P006-JUN-026,P006,C-SHOES,کیف و کفش,1150,2026-06-12T14:26:00,true
P006-JUN-027,P006,C-SHOES,کیف و کفش,1150,2026-06-12T14:27:00,true
P006-JUN-028,P006,C-SHOES,کیف و کفش,1150,2026-06-12T14:28:00,true
P006-JUN-029,P006,C-SHOES,کیف و کفش,1150,2026-06-12T14:29:00,true
P006-JUN-030,P006,C-SHOES,کیف و کفش,1150,2026-06-12T14:30:00,true
P006-JUN-031,P006,C-SHOES,کیف و کفش,1150,2026-06-12T14:31:00,true
P006-JUN-032,P006,C-SHOES,کیف و کفش,1150,2026-06-12T14:32:00,true
P006-JUN-033,P006,C-SHOES,کیف و کفش,1150,2026-06-12T14:33:00,true
P006-JUN-034,P006,C-SHOES,کیف و کفش,1150,2026-06-12T14:34:00,true
P006-JUN-035,P006,C-SHOES,کیف و کفش,1150,2026-06-12T14:35:00,true
P006-JUN-036,P006,C-SHOES,کیف و کفش,1150,2026-06-12T14:36:00,true
P006-JUN-037,P006,C-SHOES,کیف و کفش,1150,2026-06-12T14:37:00,true
P006-JUN-038,P006,C-SHOES,کیف و کفش,1150,2026-06-12T14:38:00,true
P006-JUN-039,P006,C-SHOES,کیف و کفش,1150,2026-06-12T14:39:00,true
P006-JUN-040,P006,C-SHOES,کیف و کفش,1150,2026-06-12T14:40:00,true
P006-JUN-041,P006,C-SHOES,کیف و کفش,1150,2026-06-12T14:41:00,true
P006-JUN-042,P006,C-SHOES,کیف و کفش,1150,2026-06-12T14:42:00,true
P006-JUN-043,P006,C-SHOES,کیف و کفش,1150,2026-06-12T14:43:00,true
P006-JUN-044,P006,C-SHOES,کیف و کفش,1150,2026-06-12T14:44:00,true
P006-JUN-045,P006,C-SHOES,کیف و کفش,1150,2026-06-12T14:45:00,true
P006-JUN-046,P006,C-SHOES,کیف و کفش,1150,2026-06-12T14:46:00,true
P006-JUN-047,P006,C-SHOES,کیف و کفش,1150,2026-06-12T14:47:00,true
P006-JUN-048,P006,C-SHOES,کیف و کفش,1150,2026-06-12T14:48:00,true
P006-JUN-049,P006,C-SHOES,کیف و کفش,1150,2026-06-12T14:49:00,true
P006-JUN-050,P006,C-SHOES,کیف و کفش,1150,2026-06-12T14:50:00,true
P006-JUN-051,P006,C-SHOES,کیف و کفش,1150,2026-06-12T14:51:00,true
P006-JUN-052,P006,C-SHOES,کیف و کفش,1150,2026-06-12T14:52:00,true
P006-JUN-053,P006,C-SHOES,کیف و کفش,1150,2026-06-12T14:53:00,true
P006-JUN-054,P006,C-SHOES,کیف و کفش,1150,2026-06-12T14:54:00,true
P006-JUN-055,P006,C-SHOES,کیف و کفش,1150,2026-06-12T14:55:00,false
P006-JUN-056,P006,C-SHOES,کیف و کفش,1150,2026-06-12T14:56:00,false
P006-JUN-057,P006,C-SHOES,کیف و کفش,1150,2026-06-12T14:57:00,false
P006-JUN-058,P006,C-SHOES,کیف و کفش,1150,2026-06-12T14:58:00,false
P006-JUN-059,P006,C-SHOES,کیف و کفش,1150,2026-06-12T14:59:00,false
P006-JUN-060,P006,C-SHOES,کیف و کفش,1150,2026-06-12T15:00:00,false
P006-JUN-061,P006,C-SHOES,کیف و کفش,1150,2026-06-12T15:01:00,false
P006-JUN-062,P006,C-SHOES,کیف و کفش,1150,2026-06-12T15:02:00,false
P006-JUN-063,P006,C-SHOES,کیف و کفش,1150,2026-06-12T15:03:00,false
P006-JUN-064,P006,C-SHOES,کیف و کفش,1150,2026-06-12T15:04:00,false
P006-JUN-065,P006,C-SHOES,کیف و کفش,1150,2026-06-12T15:05:00,false
P006-JUN-066,P006,C-SHOES,کیف و کفش,1150,2026-06-12T15:06:00,false
P006-JUN-067,P006,C-SHOES,کیف و کفش,1150,2026-06-12T15:07:00,false
P006-JUN-068,P006,C-SHOES,کیف و کفش,1150,2026-06-12T15:08:00,false
P006-JUN-069,P006,C-SHOES,کیف و کفش,1150,2026-06-12T15:09:00,false
P006-JUN-070,P006,C-SHOES,کیف و کفش,1150,2026-06-12T15:10:00,false
P006-JUN-071,P006,C-SHOES,کیف و کفش,1150,2026-06-12T15:11:00,false
P006-JUN-072,P006,C-SHOES,کیف و کفش,1150,2026-06-12T15:12:00,false
P006-JUN-073,P006,C-SHOES,کیف و کفش,1150,2026-06-12T15:13:00,false
P006-JUN-074,P006,C-SHOES,کیف و کفش,1150,2026-06-12T15:14:00,false
P006-JUN-075,P006,C-SHOES,کیف و کفش,1150,2026-06-12T15:15:00,false
P006-JUN-076,P006,C-SHOES,کیف و کفش,1150,2026-06-12T15:16:00,false
P006-JUN-077,P006,C-SHOES,کیف و کفش,1150,2026-06-12T15:17:00,false
P006-JUN-078,P006,C-SHOES,کیف و کفش,1150,2026-06-12T15:18:00,false
P006-JUN-079,P006,C-SHOES,کیف و کفش,1150,2026-06-12T15:19:00,false
P006-JUN-080,P006,C-SHOES,کیف و کفش,1150,2026-06-12T15:20:00,false
P006-JUN-081,P006,C-SHOES,کیف و کفش,1150,2026-06-12T15:21:00,false
P006-JUN-082,P006,C-SHOES,کیف و کفش,1150,2026-06-12T15:22:00,false
P006-JUN-083,P006,C-SHOES,کیف و کفش,1150,2026-06-12T15:23:00,false
P006-JUN-084,P006,C-SHOES,کیف و کفش,1150,2026-06-12T15:24:00,false
P006-JUN-085,P006,C-SHOES,کیف و کفش,1150,2026-06-12T15:25:00,false
P006-JUN-086,P006,C-SHOES,کیف و کفش,1150,2026-06-12T15:26:00,false
P006-JUN-087,P006,C-SHOES,کیف و کفش,1150,2026-06-12T15:27:00,false
P006-JUN-088,P006,C-SHOES,کیف و کفش,1150,2026-06-12T15:28:00,false
P006-JUN-089,P006,C-SHOES,کیف و کفش,1150,2026-06-12T15:29:00,false
P006-JUN-090,P006,C-SHOES,کیف و کفش,1150,2026-06-12T15:30:00,false
P006-JUN-091,P006,C-SHOES,کیف و کفش,1150,2026-06-12T15:31:00,false
P006-JUN-092,P006,C-SHOES,کیف و کفش,1150,2026-06-12T15:32:00,false
P006-JUN-093,P006,C-SHOES,کیف و کفش,1150,2026-06-12T15:33:00,false
P006-JUN-094,P006,C-SHOES,کیف و کفش,1150,2026-06-12T15:34:00,false
P006-JUN-095,P006,C-SHOES,کیف و کفش,1150,2026-06-12T15:35:00,false
P006-JUN-096,P006,C-SHOES,کیف و کفش,1150,2026-06-12T15:36:00,false
P006-JUN-097,P006,C-SHOES,کیف و کفش,1150,2026-06-12T15:37:00,false
P006-JUN-098,P006,C-SHOES,کیف و کفش,1150,2026-06-12T15:38:00,false
P006-JUN-099,P006,C-SHOES,کیف و کفش,1150,2026-06-12T15:39:00,false
P007-JUN-000,P007,C-SHOES,کیف و کفش,1200,2026-06-13T15:00:00,true
P007-JUN-001,P007,C-SHOES,کیف و کفش,1200,2026-06-13T15:01:00,true
P007-JUN-002,P007,C-SHOES,کیف و کفش,1200,2026-06-13T15:02:00,true
P007-JUN-003,P007,C-SHOES,کیف و کفش,1200,2026-06-13T15:03:00,true
P007-JUN-004,P007,C-SHOES,کیف و کفش,1200,2026-06-13T15:04:00,true
P007-JUN-005,P007,C-SHOES,کیف و کفش,1200,2026-06-13T15:05:00,true
P007-JUN-006,P007,C-SHOES,کیف و کفش,1200,2026-06-13T15:06:00,true
P007-JUN-007,P007,C-SHOES,کیف و کفش,1200,2026-06-13T15:07:00,true
P007-JUN-008,P007,C-SHOES,کیف و کفش,1200,2026-06-13T15:08:00,true
P007-JUN-009,P007,C-SHOES,کیف و کفش,1200,2026-06-13T15:09:00,true
P007-JUN-010,P007,C-SHOES,کیف و کفش,1200,2026-06-13T15:10:00,true
P007-JUN-011,P007,C-SHOES,کیف و کفش,1200,2026-06-13T15:11:00,true
P007-JUN-012,P007,C-SHOES,کیف و کفش,1200,2026-06-13T15:12:00,true
P007-JUN-013,P007,C-SHOES,کیف و کفش,1200,2026-06-13T15:13:00,true
P007-JUN-014,P007,C-SHOES,کیف و کفش,1200,2026-06-13T15:14:00,true
P007-JUN-015,P007,C-SHOES,کیف و کفش,1200,2026-06-13T15:15:00,true
P007-JUN-016,P007,C-SHOES,کیف و کفش,1200,2026-06-13T15:16:00,true
P007-JUN-017,P007,C-SHOES,کیف و کفش,1200,2026-06-13T15:17:00,true
P007-JUN-018,P007,C-SHOES,کیف و کفش,1200,2026-06-13T15:18:00,true
P007-JUN-019,P007,C-SHOES,کیف و کفش,1200,2026-06-13T15:19:00,true
P007-JUN-020,P007,C-SHOES,کیف و کفش,1200,2026-06-13T15:20:00,true
P007-JUN-021,P007,C-SHOES,کیف و کفش,1200,2026-06-13T15:21:00,true
P007-JUN-022,P007,C-SHOES,کیف و کفش,1200,2026-06-13T15:22:00,true
P007-JUN-023,P007,C-SHOES,کیف و کفش,1200,2026-06-13T15:23:00,true
P007-JUN-024,P007,C-SHOES,کیف و کفش,1200,2026-06-13T15:24:00,true
P007-JUN-025,P007,C-SHOES,کیف و کفش,1200,2026-06-13T15:25:00,true
P007-JUN-026,P007,C-SHOES,کیف و کفش,1200,2026-06-13T15:26:00,true
P007-JUN-027,P007,C-SHOES,کیف و کفش,1200,2026-06-13T15:27:00,true
P007-JUN-028,P007,C-SHOES,کیف و کفش,1200,2026-06-13T15:28:00,true
P007-JUN-029,P007,C-SHOES,کیف و کفش,1200,2026-06-13T15:29:00,true
P007-JUN-030,P007,C-SHOES,کیف و کفش,1200,2026-06-13T15:30:00,true
P007-JUN-031,P007,C-SHOES,کیف و کفش,1200,2026-06-13T15:31:00,true
P007-JUN-032,P007,C-SHOES,کیف و کفش,1200,2026-06-13T15:32:00,true
P007-JUN-033,P007,C-SHOES,کیف و کفش,1200,2026-06-13T15:33:00,true
P007-JUN-034,P007,C-SHOES,کیف و کفش,1200,2026-06-13T15:34:00,true
P007-JUN-035,P007,C-SHOES,کیف و کفش,1200,2026-06-13T15:35:00,true
P007-JUN-036,P007,C-SHOES,کیف و کفش,1200,2026-06-13T15:36:00,true
P007-JUN-037,P007,C-SHOES,کیف و کفش,1200,2026-06-13T15:37:00,true
P007-JUN-038,P007,C-SHOES,کیف و کفش,1200,2026-06-13T15:38:00,true
P007-JUN-039,P007,C-SHOES,کیف و کفش,1200,2026-06-13T15:39:00,true
P007-JUN-040,P007,C-SHOES,کیف و کفش,1200,2026-06-13T15:40:00,true
P007-JUN-041,P007,C-SHOES,کیف و کفش,1200,2026-06-13T15:41:00,true
P007-JUN-042,P007,C-SHOES,کیف و کفش,1200,2026-06-13T15:42:00,true
P007-JUN-043,P007,C-SHOES,کیف و کفش,1200,2026-06-13T15:43:00,true
P007-JUN-044,P007,C-SHOES,کیف و کفش,1200,2026-06-13T15:44:00,true
P007-JUN-045,P007,C-SHOES,کیف و کفش,1200,2026-06-13T15:45:00,true
P007-JUN-046,P007,C-SHOES,کیف و کفش,1200,2026-06-13T15:46:00,true
P007-JUN-047,P007,C-SHOES,کیف و کفش,1200,2026-06-13T15:47:00,true
P007-JUN-048,P007,C-SHOES,کیف و کفش,1200,2026-06-13T15:48:00,true
P007-JUN-049,P007,C-SHOES,کیف و کفش,1200,2026-06-13T15:49:00,true
P007-JUN-050,P007,C-SHOES,کیف و کفش,1200,2026-06-13T15:50:00,true
P007-JUN-051,P007,C-SHOES,کیف و کفش,1200,2026-06-13T15:51:00,true
P007-JUN-052,P007,C-SHOES,کیف و کفش,1200,2026-06-13T15:52:00,true
P007-JUN-053,P007,C-SHOES,کیف و کفش,1200,2026-06-13T15:53:00,true
P007-JUN-054,P007,C-SHOES,کیف و کفش,1200,2026-06-13T15:54:00,true
P007-JUN-055,P007,C-SHOES,کیف و کفش,1200,2026-06-13T15:55:00,true
P007-JUN-056,P007,C-SHOES,کیف و کفش,1200,2026-06-13T15:56:00,true
P007-JUN-057,P007,C-SHOES,کیف و کفش,1200,2026-06-13T15:57:00,true
P007-JUN-058,P007,C-SHOES,کیف و کفش,1200,2026-06-13T15:58:00,true
P007-JUN-059,P007,C-SHOES,کیف و کفش,1200,2026-06-13T15:59:00,true
P007-JUN-060,P007,C-SHOES,کیف و کفش,1200,2026-06-13T16:00:00,false
P007-JUN-061,P007,C-SHOES,کیف و کفش,1200,2026-06-13T16:01:00,false
P007-JUN-062,P007,C-SHOES,کیف و کفش,1200,2026-06-13T16:02:00,false
P007-JUN-063,P007,C-SHOES,کیف و کفش,1200,2026-06-13T16:03:00,false
P007-JUN-064,P007,C-SHOES,کیف و کفش,1200,2026-06-13T16:04:00,false
P007-JUN-065,P007,C-SHOES,کیف و کفش,1200,2026-06-13T16:05:00,false
P007-JUN-066,P007,C-SHOES,کیف و کفش,1200,2026-06-13T16:06:00,false
P007-JUN-067,P007,C-SHOES,کیف و کفش,1200,2026-06-13T16:07:00,false
P007-JUN-068,P007,C-SHOES,کیف و کفش,1200,2026-06-13T16:08:00,false
P007-JUN-069,P007,C-SHOES,کیف و کفش,1200,2026-06-13T16:09:00,false
P007-JUN-070,P007,C-SHOES,کیف و کفش,1200,2026-06-13T16:10:00,false
P007-JUN-071,P007,C-SHOES,کیف و کفش,1200,2026-06-13T16:11:00,false
P007-JUN-072,P007,C-SHOES,کیف و کفش,1200,2026-06-13T16:12:00,false
P007-JUN-073,P007,C-SHOES,کیف و کفش,1200,2026-06-13T16:13:00,false
P007-JUN-074,P007,C-SHOES,کیف و کفش,1200,2026-06-13T16:14:00,false
P007-JUN-075,P007,C-SHOES,کیف و کفش,1200,2026-06-13T16:15:00,false
P007-JUN-076,P007,C-SHOES,کیف و کفش,1200,2026-06-13T16:16:00,false
P007-JUN-077,P007,C-SHOES,کیف و کفش,1200,2026-06-13T16:17:00,false
P007-JUN-078,P007,C-SHOES,کیف و کفش,1200,2026-06-13T16:18:00,false
P007-JUN-079,P007,C-SHOES,کیف و کفش,1200,2026-06-13T16:19:00,false
P007-JUN-080,P007,C-SHOES,کیف و کفش,1200,2026-06-13T16:20:00,false
P007-JUN-081,P007,C-SHOES,کیف و کفش,1200,2026-06-13T16:21:00,false
P007-JUN-082,P007,C-SHOES,کیف و کفش,1200,2026-06-13T16:22:00,false
P007-JUN-083,P007,C-SHOES,کیف و کفش,1200,2026-06-13T16:23:00,false
P007-JUN-084,P007,C-SHOES,کیف و کفش,1200,2026-06-13T16:24:00,false
P007-JUN-085,P007,C-SHOES,کیف و کفش,1200,2026-06-13T16:25:00,false
P007-JUN-086,P007,C-SHOES,کیف و کفش,1200,2026-06-13T16:26:00,false
P007-JUN-087,P007,C-SHOES,کیف و کفش,1200,2026-06-13T16:27:00,false
P007-JUN-088,P007,C-SHOES,کیف و کفش,1200,2026-06-13T16:28:00,false
P007-JUN-089,P007,C-SHOES,کیف و کفش,1200,2026-06-13T16:29:00,false
P007-JUN-090,P007,C-SHOES,کیف و کفش,1200,2026-06-13T16:30:00,false
P007-JUN-091,P007,C-SHOES,کیف و کفش,1200,2026-06-13T16:31:00,false
P007-JUN-092,P007,C-SHOES,کیف و کفش,1200,2026-06-13T16:32:00,false
P007-JUN-093,P007,C-SHOES,کیف و کفش,1200,2026-06-13T16:33:00,false
P007-JUN-094,P007,C-SHOES,کیف و کفش,1200,2026-06-13T16:34:00,false
P007-JUN-095,P007,C-SHOES,کیف و کفش,1200,2026-06-13T16:35:00,false
P007-JUN-096,P007,C-SHOES,کیف و کفش,1200,2026-06-13T16:36:00,false
P007-JUN-097,P007,C-SHOES,کیف و کفش,1200,2026-06-13T16:37:00,false
P007-JUN-098,P007,C-SHOES,کیف و کفش,1200,2026-06-13T16:38:00,false
P007-JUN-099,P007,C-SHOES,کیف و کفش,1200,2026-06-13T16:39:00,false
P008-JUN-000,P008,C-SHOES,کیف و کفش,1250,2026-06-14T08:00:00,true
P008-JUN-001,P008,C-SHOES,کیف و کفش,1250,2026-06-14T08:01:00,true
P008-JUN-002,P008,C-SHOES,کیف و کفش,1250,2026-06-14T08:02:00,true
P008-JUN-003,P008,C-SHOES,کیف و کفش,1250,2026-06-14T08:03:00,true
P008-JUN-004,P008,C-SHOES,کیف و کفش,1250,2026-06-14T08:04:00,true
P008-JUN-005,P008,C-SHOES,کیف و کفش,1250,2026-06-14T08:05:00,true
P008-JUN-006,P008,C-SHOES,کیف و کفش,1250,2026-06-14T08:06:00,true
P008-JUN-007,P008,C-SHOES,کیف و کفش,1250,2026-06-14T08:07:00,true
P008-JUN-008,P008,C-SHOES,کیف و کفش,1250,2026-06-14T08:08:00,true
P008-JUN-009,P008,C-SHOES,کیف و کفش,1250,2026-06-14T08:09:00,true
P008-JUN-010,P008,C-SHOES,کیف و کفش,1250,2026-06-14T08:10:00,true
P008-JUN-011,P008,C-SHOES,کیف و کفش,1250,2026-06-14T08:11:00,true
P008-JUN-012,P008,C-SHOES,کیف و کفش,1250,2026-06-14T08:12:00,true
P008-JUN-013,P008,C-SHOES,کیف و کفش,1250,2026-06-14T08:13:00,true
P008-JUN-014,P008,C-SHOES,کیف و کفش,1250,2026-06-14T08:14:00,true
P008-JUN-015,P008,C-SHOES,کیف و کفش,1250,2026-06-14T08:15:00,true
P008-JUN-016,P008,C-SHOES,کیف و کفش,1250,2026-06-14T08:16:00,true
P008-JUN-017,P008,C-SHOES,کیف و کفش,1250,2026-06-14T08:17:00,true
P008-JUN-018,P008,C-SHOES,کیف و کفش,1250,2026-06-14T08:18:00,true
P008-JUN-019,P008,C-SHOES,کیف و کفش,1250,2026-06-14T08:19:00,true
P008-JUN-020,P008,C-SHOES,کیف و کفش,1250,2026-06-14T08:20:00,true
P008-JUN-021,P008,C-SHOES,کیف و کفش,1250,2026-06-14T08:21:00,true
P008-JUN-022,P008,C-SHOES,کیف و کفش,1250,2026-06-14T08:22:00,true
P008-JUN-023,P008,C-SHOES,کیف و کفش,1250,2026-06-14T08:23:00,true
P008-JUN-024,P008,C-SHOES,کیف و کفش,1250,2026-06-14T08:24:00,true
P008-JUN-025,P008,C-SHOES,کیف و کفش,1250,2026-06-14T08:25:00,true
P008-JUN-026,P008,C-SHOES,کیف و کفش,1250,2026-06-14T08:26:00,true
P008-JUN-027,P008,C-SHOES,کیف و کفش,1250,2026-06-14T08:27:00,true
P008-JUN-028,P008,C-SHOES,کیف و کفش,1250,2026-06-14T08:28:00,true
P008-JUN-029,P008,C-SHOES,کیف و کفش,1250,2026-06-14T08:29:00,true
P008-JUN-030,P008,C-SHOES,کیف و کفش,1250,2026-06-14T08:30:00,true
P008-JUN-031,P008,C-SHOES,کیف و کفش,1250,2026-06-14T08:31:00,true
P008-JUN-032,P008,C-SHOES,کیف و کفش,1250,2026-06-14T08:32:00,true
P008-JUN-033,P008,C-SHOES,کیف و کفش,1250,2026-06-14T08:33:00,true
P008-JUN-034,P008,C-SHOES,کیف و کفش,1250,2026-06-14T08:34:00,true
P008-JUN-035,P008,C-SHOES,کیف و کفش,1250,2026-06-14T08:35:00,true
P008-JUN-036,P008,C-SHOES,کیف و کفش,1250,2026-06-14T08:36:00,true
P008-JUN-037,P008,C-SHOES,کیف و کفش,1250,2026-06-14T08:37:00,true
P008-JUN-038,P008,C-SHOES,کیف و کفش,1250,2026-06-14T08:38:00,true
P008-JUN-039,P008,C-SHOES,کیف و کفش,1250,2026-06-14T08:39:00,true
P008-JUN-040,P008,C-SHOES,کیف و کفش,1250,2026-06-14T08:40:00,true
P008-JUN-041,P008,C-SHOES,کیف و کفش,1250,2026-06-14T08:41:00,true
P008-JUN-042,P008,C-SHOES,کیف و کفش,1250,2026-06-14T08:42:00,true
P008-JUN-043,P008,C-SHOES,کیف و کفش,1250,2026-06-14T08:43:00,true
P008-JUN-044,P008,C-SHOES,کیف و کفش,1250,2026-06-14T08:44:00,true
P008-JUN-045,P008,C-SHOES,کیف و کفش,1250,2026-06-14T08:45:00,true
P008-JUN-046,P008,C-SHOES,کیف و کفش,1250,2026-06-14T08:46:00,true
P008-JUN-047,P008,C-SHOES,کیف و کفش,1250,2026-06-14T08:47:00,true
P008-JUN-048,P008,C-SHOES,کیف و کفش,1250,2026-06-14T08:48:00,true
P008-JUN-049,P008,C-SHOES,کیف و کفش,1250,2026-06-14T08:49:00,true
P008-JUN-050,P008,C-SHOES,کیف و کفش,1250,2026-06-14T08:50:00,true
P008-JUN-051,P008,C-SHOES,کیف و کفش,1250,2026-06-14T08:51:00,true
P008-JUN-052,P008,C-SHOES,کیف و کفش,1250,2026-06-14T08:52:00,true
P008-JUN-053,P008,C-SHOES,کیف و کفش,1250,2026-06-14T08:53:00,true
P008-JUN-054,P008,C-SHOES,کیف و کفش,1250,2026-06-14T08:54:00,true
P008-JUN-055,P008,C-SHOES,کیف و کفش,1250,2026-06-14T08:55:00,true
P008-JUN-056,P008,C-SHOES,کیف و کفش,1250,2026-06-14T08:56:00,true
P008-JUN-057,P008,C-SHOES,کیف و کفش,1250,2026-06-14T08:57:00,true
P008-JUN-058,P008,C-SHOES,کیف و کفش,1250,2026-06-14T08:58:00,true
P008-JUN-059,P008,C-SHOES,کیف و کفش,1250,2026-06-14T08:59:00,true
P008-JUN-060,P008,C-SHOES,کیف و کفش,1250,2026-06-14T09:00:00,true
P008-JUN-061,P008,C-SHOES,کیف و کفش,1250,2026-06-14T09:01:00,true
P008-JUN-062,P008,C-SHOES,کیف و کفش,1250,2026-06-14T09:02:00,true
P008-JUN-063,P008,C-SHOES,کیف و کفش,1250,2026-06-14T09:03:00,true
P008-JUN-064,P008,C-SHOES,کیف و کفش,1250,2026-06-14T09:04:00,true
P008-JUN-065,P008,C-SHOES,کیف و کفش,1250,2026-06-14T09:05:00,false
P008-JUN-066,P008,C-SHOES,کیف و کفش,1250,2026-06-14T09:06:00,false
P008-JUN-067,P008,C-SHOES,کیف و کفش,1250,2026-06-14T09:07:00,false
P008-JUN-068,P008,C-SHOES,کیف و کفش,1250,2026-06-14T09:08:00,false
P008-JUN-069,P008,C-SHOES,کیف و کفش,1250,2026-06-14T09:09:00,false
P008-JUN-070,P008,C-SHOES,کیف و کفش,1250,2026-06-14T09:10:00,false
P008-JUN-071,P008,C-SHOES,کیف و کفش,1250,2026-06-14T09:11:00,false
P008-JUN-072,P008,C-SHOES,کیف و کفش,1250,2026-06-14T09:12:00,false
P008-JUN-073,P008,C-SHOES,کیف و کفش,1250,2026-06-14T09:13:00,false
P008-JUN-074,P008,C-SHOES,کیف و کفش,1250,2026-06-14T09:14:00,false
P008-JUN-075,P008,C-SHOES,کیف و کفش,1250,2026-06-14T09:15:00,false
P008-JUN-076,P008,C-SHOES,کیف و کفش,1250,2026-06-14T09:16:00,false
P008-JUN-077,P008,C-SHOES,کیف و کفش,1250,2026-06-14T09:17:00,false
P008-JUN-078,P008,C-SHOES,کیف و کفش,1250,2026-06-14T09:18:00,false
P008-JUN-079,P008,C-SHOES,کیف و کفش,1250,2026-06-14T09:19:00,false
P008-JUN-080,P008,C-SHOES,کیف و کفش,1250,2026-06-14T09:20:00,false
P008-JUN-081,P008,C-SHOES,کیف و کفش,1250,2026-06-14T09:21:00,false
P008-JUN-082,P008,C-SHOES,کیف و کفش,1250,2026-06-14T09:22:00,false
P008-JUN-083,P008,C-SHOES,کیف و کفش,1250,2026-06-14T09:23:00,false
P008-JUN-084,P008,C-SHOES,کیف و کفش,1250,2026-06-14T09:24:00,false
P008-JUN-085,P008,C-SHOES,کیف و کفش,1250,2026-06-14T09:25:00,false
P008-JUN-086,P008,C-SHOES,کیف و کفش,1250,2026-06-14T09:26:00,false
P008-JUN-087,P008,C-SHOES,کیف و کفش,1250,2026-06-14T09:27:00,false
P008-JUN-088,P008,C-SHOES,کیف و کفش,1250,2026-06-14T09:28:00,false
P008-JUN-089,P008,C-SHOES,کیف و کفش,1250,2026-06-14T09:29:00,false
P008-JUN-090,P008,C-SHOES,کیف و کفش,1250,2026-06-14T09:30:00,false
P008-JUN-091,P008,C-SHOES,کیف و کفش,1250,2026-06-14T09:31:00,false
P008-JUN-092,P008,C-SHOES,کیف و کفش,1250,2026-06-14T09:32:00,false
P008-JUN-093,P008,C-SHOES,کیف و کفش,1250,2026-06-14T09:33:00,false
P008-JUN-094,P008,C-SHOES,کیف و کفش,1250,2026-06-14T09:34:00,false
P008-JUN-095,P008,C-SHOES,کیف و کفش,1250,2026-06-14T09:35:00,false
P008-JUN-096,P008,C-SHOES,کیف و کفش,1250,2026-06-14T09:36:00,false
P008-JUN-097,P008,C-SHOES,کیف و کفش,1250,2026-06-14T09:37:00,false
P008-JUN-098,P008,C-SHOES,کیف و کفش,1250,2026-06-14T09:38:00,false
P008-JUN-099,P008,C-SHOES,کیف و کفش,1250,2026-06-14T09:39:00,false
P009-JUN-000,P009,C-SHOES,کیف و کفش,1300,2026-06-15T09:00:00,true
P009-JUN-001,P009,C-SHOES,کیف و کفش,1300,2026-06-15T09:01:00,true
P009-JUN-002,P009,C-SHOES,کیف و کفش,1300,2026-06-15T09:02:00,true
P009-JUN-003,P009,C-SHOES,کیف و کفش,1300,2026-06-15T09:03:00,true
P009-JUN-004,P009,C-SHOES,کیف و کفش,1300,2026-06-15T09:04:00,true
P009-JUN-005,P009,C-SHOES,کیف و کفش,1300,2026-06-15T09:05:00,true
P009-JUN-006,P009,C-SHOES,کیف و کفش,1300,2026-06-15T09:06:00,true
P009-JUN-007,P009,C-SHOES,کیف و کفش,1300,2026-06-15T09:07:00,true
P009-JUN-008,P009,C-SHOES,کیف و کفش,1300,2026-06-15T09:08:00,true
P009-JUN-009,P009,C-SHOES,کیف و کفش,1300,2026-06-15T09:09:00,true
P009-JUN-010,P009,C-SHOES,کیف و کفش,1300,2026-06-15T09:10:00,true
P009-JUN-011,P009,C-SHOES,کیف و کفش,1300,2026-06-15T09:11:00,true
P009-JUN-012,P009,C-SHOES,کیف و کفش,1300,2026-06-15T09:12:00,true
P009-JUN-013,P009,C-SHOES,کیف و کفش,1300,2026-06-15T09:13:00,true
P009-JUN-014,P009,C-SHOES,کیف و کفش,1300,2026-06-15T09:14:00,true
P009-JUN-015,P009,C-SHOES,کیف و کفش,1300,2026-06-15T09:15:00,true
P009-JUN-016,P009,C-SHOES,کیف و کفش,1300,2026-06-15T09:16:00,true
P009-JUN-017,P009,C-SHOES,کیف و کفش,1300,2026-06-15T09:17:00,true
P009-JUN-018,P009,C-SHOES,کیف و کفش,1300,2026-06-15T09:18:00,true
P009-JUN-019,P009,C-SHOES,کیف و کفش,1300,2026-06-15T09:19:00,true
P009-JUN-020,P009,C-SHOES,کیف و کفش,1300,2026-06-15T09:20:00,true
P009-JUN-021,P009,C-SHOES,کیف و کفش,1300,2026-06-15T09:21:00,true
P009-JUN-022,P009,C-SHOES,کیف و کفش,1300,2026-06-15T09:22:00,true
P009-JUN-023,P009,C-SHOES,کیف و کفش,1300,2026-06-15T09:23:00,true
P009-JUN-024,P009,C-SHOES,کیف و کفش,1300,2026-06-15T09:24:00,true
P009-JUN-025,P009,C-SHOES,کیف و کفش,1300,2026-06-15T09:25:00,true
P009-JUN-026,P009,C-SHOES,کیف و کفش,1300,2026-06-15T09:26:00,true
P009-JUN-027,P009,C-SHOES,کیف و کفش,1300,2026-06-15T09:27:00,true
P009-JUN-028,P009,C-SHOES,کیف و کفش,1300,2026-06-15T09:28:00,true
P009-JUN-029,P009,C-SHOES,کیف و کفش,1300,2026-06-15T09:29:00,true
P009-JUN-030,P009,C-SHOES,کیف و کفش,1300,2026-06-15T09:30:00,true
P009-JUN-031,P009,C-SHOES,کیف و کفش,1300,2026-06-15T09:31:00,true
P009-JUN-032,P009,C-SHOES,کیف و کفش,1300,2026-06-15T09:32:00,true
P009-JUN-033,P009,C-SHOES,کیف و کفش,1300,2026-06-15T09:33:00,true
P009-JUN-034,P009,C-SHOES,کیف و کفش,1300,2026-06-15T09:34:00,true
P009-JUN-035,P009,C-SHOES,کیف و کفش,1300,2026-06-15T09:35:00,true
P009-JUN-036,P009,C-SHOES,کیف و کفش,1300,2026-06-15T09:36:00,true
P009-JUN-037,P009,C-SHOES,کیف و کفش,1300,2026-06-15T09:37:00,true
P009-JUN-038,P009,C-SHOES,کیف و کفش,1300,2026-06-15T09:38:00,true
P009-JUN-039,P009,C-SHOES,کیف و کفش,1300,2026-06-15T09:39:00,true
P009-JUN-040,P009,C-SHOES,کیف و کفش,1300,2026-06-15T09:40:00,true
P009-JUN-041,P009,C-SHOES,کیف و کفش,1300,2026-06-15T09:41:00,true
P009-JUN-042,P009,C-SHOES,کیف و کفش,1300,2026-06-15T09:42:00,true
P009-JUN-043,P009,C-SHOES,کیف و کفش,1300,2026-06-15T09:43:00,true
P009-JUN-044,P009,C-SHOES,کیف و کفش,1300,2026-06-15T09:44:00,true
P009-JUN-045,P009,C-SHOES,کیف و کفش,1300,2026-06-15T09:45:00,true
P009-JUN-046,P009,C-SHOES,کیف و کفش,1300,2026-06-15T09:46:00,true
P009-JUN-047,P009,C-SHOES,کیف و کفش,1300,2026-06-15T09:47:00,true
P009-JUN-048,P009,C-SHOES,کیف و کفش,1300,2026-06-15T09:48:00,true
P009-JUN-049,P009,C-SHOES,کیف و کفش,1300,2026-06-15T09:49:00,true
P009-JUN-050,P009,C-SHOES,کیف و کفش,1300,2026-06-15T09:50:00,true
P009-JUN-051,P009,C-SHOES,کیف و کفش,1300,2026-06-15T09:51:00,true
P009-JUN-052,P009,C-SHOES,کیف و کفش,1300,2026-06-15T09:52:00,true
P009-JUN-053,P009,C-SHOES,کیف و کفش,1300,2026-06-15T09:53:00,true
P009-JUN-054,P009,C-SHOES,کیف و کفش,1300,2026-06-15T09:54:00,true
P009-JUN-055,P009,C-SHOES,کیف و کفش,1300,2026-06-15T09:55:00,true
P009-JUN-056,P009,C-SHOES,کیف و کفش,1300,2026-06-15T09:56:00,true
P009-JUN-057,P009,C-SHOES,کیف و کفش,1300,2026-06-15T09:57:00,true
P009-JUN-058,P009,C-SHOES,کیف و کفش,1300,2026-06-15T09:58:00,true
P009-JUN-059,P009,C-SHOES,کیف و کفش,1300,2026-06-15T09:59:00,true
P009-JUN-060,P009,C-SHOES,کیف و کفش,1300,2026-06-15T10:00:00,true
P009-JUN-061,P009,C-SHOES,کیف و کفش,1300,2026-06-15T10:01:00,true
P009-JUN-062,P009,C-SHOES,کیف و کفش,1300,2026-06-15T10:02:00,true
P009-JUN-063,P009,C-SHOES,کیف و کفش,1300,2026-06-15T10:03:00,true
P009-JUN-064,P009,C-SHOES,کیف و کفش,1300,2026-06-15T10:04:00,true
P009-JUN-065,P009,C-SHOES,کیف و کفش,1300,2026-06-15T10:05:00,true
P009-JUN-066,P009,C-SHOES,کیف و کفش,1300,2026-06-15T10:06:00,true
P009-JUN-067,P009,C-SHOES,کیف و کفش,1300,2026-06-15T10:07:00,true
P009-JUN-068,P009,C-SHOES,کیف و کفش,1300,2026-06-15T10:08:00,true
P009-JUN-069,P009,C-SHOES,کیف و کفش,1300,2026-06-15T10:09:00,true
P009-JUN-070,P009,C-SHOES,کیف و کفش,1300,2026-06-15T10:10:00,false
P009-JUN-071,P009,C-SHOES,کیف و کفش,1300,2026-06-15T10:11:00,false
P009-JUN-072,P009,C-SHOES,کیف و کفش,1300,2026-06-15T10:12:00,false
P009-JUN-073,P009,C-SHOES,کیف و کفش,1300,2026-06-15T10:13:00,false
P009-JUN-074,P009,C-SHOES,کیف و کفش,1300,2026-06-15T10:14:00,false
P009-JUN-075,P009,C-SHOES,کیف و کفش,1300,2026-06-15T10:15:00,false
P009-JUN-076,P009,C-SHOES,کیف و کفش,1300,2026-06-15T10:16:00,false
P009-JUN-077,P009,C-SHOES,کیف و کفش,1300,2026-06-15T10:17:00,false
P009-JUN-078,P009,C-SHOES,کیف و کفش,1300,2026-06-15T10:18:00,false
P009-JUN-079,P009,C-SHOES,کیف و کفش,1300,2026-06-15T10:19:00,false
P009-JUN-080,P009,C-SHOES,کیف و کفش,1300,2026-06-15T10:20:00,false
P009-JUN-081,P009,C-SHOES,کیف و کفش,1300,2026-06-15T10:21:00,false
P009-JUN-082,P009,C-SHOES,کیف و کفش,1300,2026-06-15T10:22:00,false
P009-JUN-083,P009,C-SHOES,کیف و کفش,1300,2026-06-15T10:23:00,false
P009-JUN-084,P009,C-SHOES,کیف و کفش,1300,2026-06-15T10:24:00,false
P009-JUN-085,P009,C-SHOES,کیف و کفش,1300,2026-06-15T10:25:00,false
P009-JUN-086,P009,C-SHOES,کیف و کفش,1300,2026-06-15T10:26:00,false
P009-JUN-087,P009,C-SHOES,کیف و کفش,1300,2026-06-15T10:27:00,false
P009-JUN-088,P009,C-SHOES,کیف و کفش,1300,2026-06-15T10:28:00,false
P009-JUN-089,P009,C-SHOES,کیف و کفش,1300,2026-06-15T10:29:00,false
P009-JUN-090,P009,C-SHOES,کیف و کفش,1300,2026-06-15T10:30:00,false
P009-JUN-091,P009,C-SHOES,کیف و کفش,1300,2026-06-15T10:31:00,false
P009-JUN-092,P009,C-SHOES,کیف و کفش,1300,2026-06-15T10:32:00,false
P009-JUN-093,P009,C-SHOES,کیف و کفش,1300,2026-06-15T10:33:00,false
P009-JUN-094,P009,C-SHOES,کیف و کفش,1300,2026-06-15T10:34:00,false
P009-JUN-095,P009,C-SHOES,کیف و کفش,1300,2026-06-15T10:35:00,false
P009-JUN-096,P009,C-SHOES,کیف و کفش,1300,2026-06-15T10:36:00,false
P009-JUN-097,P009,C-SHOES,کیف و کفش,1300,2026-06-15T10:37:00,false
P009-JUN-098,P009,C-SHOES,کیف و کفش,1300,2026-06-15T10:38:00,false
P009-JUN-099,P009,C-SHOES,کیف و کفش,1300,2026-06-15T10:39:00,false
P010-JUN-000,P010,C-SHOES,کیف و کفش,1350,2026-06-06T10:00:00,true
P010-JUN-001,P010,C-SHOES,کیف و کفش,1350,2026-06-06T10:01:00,true
P010-JUN-002,P010,C-SHOES,کیف و کفش,1350,2026-06-06T10:02:00,true
P010-JUN-003,P010,C-SHOES,کیف و کفش,1350,2026-06-06T10:03:00,true
P010-JUN-004,P010,C-SHOES,کیف و کفش,1350,2026-06-06T10:04:00,true
P010-JUN-005,P010,C-SHOES,کیف و کفش,1350,2026-06-06T10:05:00,true
P010-JUN-006,P010,C-SHOES,کیف و کفش,1350,2026-06-06T10:06:00,true
P010-JUN-007,P010,C-SHOES,کیف و کفش,1350,2026-06-06T10:07:00,true
P010-JUN-008,P010,C-SHOES,کیف و کفش,1350,2026-06-06T10:08:00,true
P010-JUN-009,P010,C-SHOES,کیف و کفش,1350,2026-06-06T10:09:00,true
P010-JUN-010,P010,C-SHOES,کیف و کفش,1350,2026-06-06T10:10:00,true
P010-JUN-011,P010,C-SHOES,کیف و کفش,1350,2026-06-06T10:11:00,true
P010-JUN-012,P010,C-SHOES,کیف و کفش,1350,2026-06-06T10:12:00,true
P010-JUN-013,P010,C-SHOES,کیف و کفش,1350,2026-06-06T10:13:00,true
P010-JUN-014,P010,C-SHOES,کیف و کفش,1350,2026-06-06T10:14:00,true
P010-JUN-015,P010,C-SHOES,کیف و کفش,1350,2026-06-06T10:15:00,true
P010-JUN-016,P010,C-SHOES,کیف و کفش,1350,2026-06-06T10:16:00,true
P010-JUN-017,P010,C-SHOES,کیف و کفش,1350,2026-06-06T10:17:00,true
P010-JUN-018,P010,C-SHOES,کیف و کفش,1350,2026-06-06T10:18:00,true
P010-JUN-019,P010,C-SHOES,کیف و کفش,1350,2026-06-06T10:19:00,true
P010-JUN-020,P010,C-SHOES,کیف و کفش,1350,2026-06-06T10:20:00,true
P010-JUN-021,P010,C-SHOES,کیف و کفش,1350,2026-06-06T10:21:00,true
P010-JUN-022,P010,C-SHOES,کیف و کفش,1350,2026-06-06T10:22:00,true
P010-JUN-023,P010,C-SHOES,کیف و کفش,1350,2026-06-06T10:23:00,true
P010-JUN-024,P010,C-SHOES,کیف و کفش,1350,2026-06-06T10:24:00,true
P010-JUN-025,P010,C-SHOES,کیف و کفش,1350,2026-06-06T10:25:00,true
P010-JUN-026,P010,C-SHOES,کیف و کفش,1350,2026-06-06T10:26:00,true
P010-JUN-027,P010,C-SHOES,کیف و کفش,1350,2026-06-06T10:27:00,true
P010-JUN-028,P010,C-SHOES,کیف و کفش,1350,2026-06-06T10:28:00,true
P010-JUN-029,P010,C-SHOES,کیف و کفش,1350,2026-06-06T10:29:00,true
P010-JUN-030,P010,C-SHOES,کیف و کفش,1350,2026-06-06T10:30:00,true
P010-JUN-031,P010,C-SHOES,کیف و کفش,1350,2026-06-06T10:31:00,true
P010-JUN-032,P010,C-SHOES,کیف و کفش,1350,2026-06-06T10:32:00,true
P010-JUN-033,P010,C-SHOES,کیف و کفش,1350,2026-06-06T10:33:00,true
P010-JUN-034,P010,C-SHOES,کیف و کفش,1350,2026-06-06T10:34:00,true
P010-JUN-035,P010,C-SHOES,کیف و کفش,1350,2026-06-06T10:35:00,true
P010-JUN-036,P010,C-SHOES,کیف و کفش,1350,2026-06-06T10:36:00,true
P010-JUN-037,P010,C-SHOES,کیف و کفش,1350,2026-06-06T10:37:00,true
P010-JUN-038,P010,C-SHOES,کیف و کفش,1350,2026-06-06T10:38:00,true
P010-JUN-039,P010,C-SHOES,کیف و کفش,1350,2026-06-06T10:39:00,true
P010-JUN-040,P010,C-SHOES,کیف و کفش,1350,2026-06-06T10:40:00,true
P010-JUN-041,P010,C-SHOES,کیف و کفش,1350,2026-06-06T10:41:00,true
P010-JUN-042,P010,C-SHOES,کیف و کفش,1350,2026-06-06T10:42:00,true
P010-JUN-043,P010,C-SHOES,کیف و کفش,1350,2026-06-06T10:43:00,true
P010-JUN-044,P010,C-SHOES,کیف و کفش,1350,2026-06-06T10:44:00,true
P010-JUN-045,P010,C-SHOES,کیف و کفش,1350,2026-06-06T10:45:00,true
P010-JUN-046,P010,C-SHOES,کیف و کفش,1350,2026-06-06T10:46:00,true
P010-JUN-047,P010,C-SHOES,کیف و کفش,1350,2026-06-06T10:47:00,true
P010-JUN-048,P010,C-SHOES,کیف و کفش,1350,2026-06-06T10:48:00,true
P010-JUN-049,P010,C-SHOES,کیف و کفش,1350,2026-06-06T10:49:00,true
P010-JUN-050,P010,C-SHOES,کیف و کفش,1350,2026-06-06T10:50:00,true
P010-JUN-051,P010,C-SHOES,کیف و کفش,1350,2026-06-06T10:51:00,true
P010-JUN-052,P010,C-SHOES,کیف و کفش,1350,2026-06-06T10:52:00,true
P010-JUN-053,P010,C-SHOES,کیف و کفش,1350,2026-06-06T10:53:00,true
P010-JUN-054,P010,C-SHOES,کیف و کفش,1350,2026-06-06T10:54:00,true
P010-JUN-055,P010,C-SHOES,کیف و کفش,1350,2026-06-06T10:55:00,true
P010-JUN-056,P010,C-SHOES,کیف و کفش,1350,2026-06-06T10:56:00,true
P010-JUN-057,P010,C-SHOES,کیف و کفش,1350,2026-06-06T10:57:00,true
P010-JUN-058,P010,C-SHOES,کیف و کفش,1350,2026-06-06T10:58:00,true
P010-JUN-059,P010,C-SHOES,کیف و کفش,1350,2026-06-06T10:59:00,true
P010-JUN-060,P010,C-SHOES,کیف و کفش,1350,2026-06-06T11:00:00,true
P010-JUN-061,P010,C-SHOES,کیف و کفش,1350,2026-06-06T11:01:00,true
P010-JUN-062,P010,C-SHOES,کیف و کفش,1350,2026-06-06T11:02:00,true
P010-JUN-063,P010,C-SHOES,کیف و کفش,1350,2026-06-06T11:03:00,true
P010-JUN-064,P010,C-SHOES,کیف و کفش,1350,2026-06-06T11:04:00,true
P010-JUN-065,P010,C-SHOES,کیف و کفش,1350,2026-06-06T11:05:00,true
P010-JUN-066,P010,C-SHOES,کیف و کفش,1350,2026-06-06T11:06:00,true
P010-JUN-067,P010,C-SHOES,کیف و کفش,1350,2026-06-06T11:07:00,true
P010-JUN-068,P010,C-SHOES,کیف و کفش,1350,2026-06-06T11:08:00,true
P010-JUN-069,P010,C-SHOES,کیف و کفش,1350,2026-06-06T11:09:00,true
P010-JUN-070,P010,C-SHOES,کیف و کفش,1350,2026-06-06T11:10:00,true
P010-JUN-071,P010,C-SHOES,کیف و کفش,1350,2026-06-06T11:11:00,true
P010-JUN-072,P010,C-SHOES,کیف و کفش,1350,2026-06-06T11:12:00,true
P010-JUN-073,P010,C-SHOES,کیف و کفش,1350,2026-06-06T11:13:00,true
P010-JUN-074,P010,C-SHOES,کیف و کفش,1350,2026-06-06T11:14:00,true
P010-JUN-075,P010,C-SHOES,کیف و کفش,1350,2026-06-06T11:15:00,false
P010-JUN-076,P010,C-SHOES,کیف و کفش,1350,2026-06-06T11:16:00,false
P010-JUN-077,P010,C-SHOES,کیف و کفش,1350,2026-06-06T11:17:00,false
P010-JUN-078,P010,C-SHOES,کیف و کفش,1350,2026-06-06T11:18:00,false
P010-JUN-079,P010,C-SHOES,کیف و کفش,1350,2026-06-06T11:19:00,false
P010-JUN-080,P010,C-SHOES,کیف و کفش,1350,2026-06-06T11:20:00,false
P010-JUN-081,P010,C-SHOES,کیف و کفش,1350,2026-06-06T11:21:00,false
P010-JUN-082,P010,C-SHOES,کیف و کفش,1350,2026-06-06T11:22:00,false
P010-JUN-083,P010,C-SHOES,کیف و کفش,1350,2026-06-06T11:23:00,false
P010-JUN-084,P010,C-SHOES,کیف و کفش,1350,2026-06-06T11:24:00,false
P010-JUN-085,P010,C-SHOES,کیف و کفش,1350,2026-06-06T11:25:00,false
P010-JUN-086,P010,C-SHOES,کیف و کفش,1350,2026-06-06T11:26:00,false
P010-JUN-087,P010,C-SHOES,کیف و کفش,1350,2026-06-06T11:27:00,false
P010-JUN-088,P010,C-SHOES,کیف و کفش,1350,2026-06-06T11:28:00,false
P010-JUN-089,P010,C-SHOES,کیف و کفش,1350,2026-06-06T11:29:00,false
P010-JUN-090,P010,C-SHOES,کیف و کفش,1350,2026-06-06T11:30:00,false
P010-JUN-091,P010,C-SHOES,کیف و کفش,1350,2026-06-06T11:31:00,false
P010-JUN-092,P010,C-SHOES,کیف و کفش,1350,2026-06-06T11:32:00,false
P010-JUN-093,P010,C-SHOES,کیف و کفش,1350,2026-06-06T11:33:00,false
P010-JUN-094,P010,C-SHOES,کیف و کفش,1350,2026-06-06T11:34:00,false
P010-JUN-095,P010,C-SHOES,کیف و کفش,1350,2026-06-06T11:35:00,false
P010-JUN-096,P010,C-SHOES,کیف و کفش,1350,2026-06-06T11:36:00,false
P010-JUN-097,P010,C-SHOES,کیف و کفش,1350,2026-06-06T11:37:00,false
P010-JUN-098,P010,C-SHOES,کیف و کفش,1350,2026-06-06T11:38:00,false
P010-JUN-099,P010,C-SHOES,کیف و کفش,1350,2026-06-06T11:39:00,false
P011-JUN-000,P011,C-SHOES,کیف و کفش,1400,2026-06-07T11:00:00,true
P011-JUN-001,P011,C-SHOES,کیف و کفش,1400,2026-06-07T11:01:00,true
P011-JUN-002,P011,C-SHOES,کیف و کفش,1400,2026-06-07T11:02:00,true
P011-JUN-003,P011,C-SHOES,کیف و کفش,1400,2026-06-07T11:03:00,true
P011-JUN-004,P011,C-SHOES,کیف و کفش,1400,2026-06-07T11:04:00,true
P011-JUN-005,P011,C-SHOES,کیف و کفش,1400,2026-06-07T11:05:00,true
P011-JUN-006,P011,C-SHOES,کیف و کفش,1400,2026-06-07T11:06:00,true
P011-JUN-007,P011,C-SHOES,کیف و کفش,1400,2026-06-07T11:07:00,true
P011-JUN-008,P011,C-SHOES,کیف و کفش,1400,2026-06-07T11:08:00,true
P011-JUN-009,P011,C-SHOES,کیف و کفش,1400,2026-06-07T11:09:00,true
P011-JUN-010,P011,C-SHOES,کیف و کفش,1400,2026-06-07T11:10:00,true
P011-JUN-011,P011,C-SHOES,کیف و کفش,1400,2026-06-07T11:11:00,true
P011-JUN-012,P011,C-SHOES,کیف و کفش,1400,2026-06-07T11:12:00,true
P011-JUN-013,P011,C-SHOES,کیف و کفش,1400,2026-06-07T11:13:00,true
P011-JUN-014,P011,C-SHOES,کیف و کفش,1400,2026-06-07T11:14:00,true
P011-JUN-015,P011,C-SHOES,کیف و کفش,1400,2026-06-07T11:15:00,true
P011-JUN-016,P011,C-SHOES,کیف و کفش,1400,2026-06-07T11:16:00,true
P011-JUN-017,P011,C-SHOES,کیف و کفش,1400,2026-06-07T11:17:00,true
P011-JUN-018,P011,C-SHOES,کیف و کفش,1400,2026-06-07T11:18:00,true
P011-JUN-019,P011,C-SHOES,کیف و کفش,1400,2026-06-07T11:19:00,true
P011-JUN-020,P011,C-SHOES,کیف و کفش,1400,2026-06-07T11:20:00,true
P011-JUN-021,P011,C-SHOES,کیف و کفش,1400,2026-06-07T11:21:00,true
P011-JUN-022,P011,C-SHOES,کیف و کفش,1400,2026-06-07T11:22:00,true
P011-JUN-023,P011,C-SHOES,کیف و کفش,1400,2026-06-07T11:23:00,true
P011-JUN-024,P011,C-SHOES,کیف و کفش,1400,2026-06-07T11:24:00,true
P011-JUN-025,P011,C-SHOES,کیف و کفش,1400,2026-06-07T11:25:00,true
P011-JUN-026,P011,C-SHOES,کیف و کفش,1400,2026-06-07T11:26:00,true
P011-JUN-027,P011,C-SHOES,کیف و کفش,1400,2026-06-07T11:27:00,true
P011-JUN-028,P011,C-SHOES,کیف و کفش,1400,2026-06-07T11:28:00,true
P011-JUN-029,P011,C-SHOES,کیف و کفش,1400,2026-06-07T11:29:00,true
P011-JUN-030,P011,C-SHOES,کیف و کفش,1400,2026-06-07T11:30:00,true
P011-JUN-031,P011,C-SHOES,کیف و کفش,1400,2026-06-07T11:31:00,true
P011-JUN-032,P011,C-SHOES,کیف و کفش,1400,2026-06-07T11:32:00,true
P011-JUN-033,P011,C-SHOES,کیف و کفش,1400,2026-06-07T11:33:00,true
P011-JUN-034,P011,C-SHOES,کیف و کفش,1400,2026-06-07T11:34:00,true
P011-JUN-035,P011,C-SHOES,کیف و کفش,1400,2026-06-07T11:35:00,true
P011-JUN-036,P011,C-SHOES,کیف و کفش,1400,2026-06-07T11:36:00,true
P011-JUN-037,P011,C-SHOES,کیف و کفش,1400,2026-06-07T11:37:00,true
P011-JUN-038,P011,C-SHOES,کیف و کفش,1400,2026-06-07T11:38:00,true
P011-JUN-039,P011,C-SHOES,کیف و کفش,1400,2026-06-07T11:39:00,true
P011-JUN-040,P011,C-SHOES,کیف و کفش,1400,2026-06-07T11:40:00,true
P011-JUN-041,P011,C-SHOES,کیف و کفش,1400,2026-06-07T11:41:00,true
P011-JUN-042,P011,C-SHOES,کیف و کفش,1400,2026-06-07T11:42:00,true
P011-JUN-043,P011,C-SHOES,کیف و کفش,1400,2026-06-07T11:43:00,true
P011-JUN-044,P011,C-SHOES,کیف و کفش,1400,2026-06-07T11:44:00,true
P011-JUN-045,P011,C-SHOES,کیف و کفش,1400,2026-06-07T11:45:00,true
P011-JUN-046,P011,C-SHOES,کیف و کفش,1400,2026-06-07T11:46:00,true
P011-JUN-047,P011,C-SHOES,کیف و کفش,1400,2026-06-07T11:47:00,true
P011-JUN-048,P011,C-SHOES,کیف و کفش,1400,2026-06-07T11:48:00,true
P011-JUN-049,P011,C-SHOES,کیف و کفش,1400,2026-06-07T11:49:00,true
P011-JUN-050,P011,C-SHOES,کیف و کفش,1400,2026-06-07T11:50:00,true
P011-JUN-051,P011,C-SHOES,کیف و کفش,1400,2026-06-07T11:51:00,true
P011-JUN-052,P011,C-SHOES,کیف و کفش,1400,2026-06-07T11:52:00,true
P011-JUN-053,P011,C-SHOES,کیف و کفش,1400,2026-06-07T11:53:00,true
P011-JUN-054,P011,C-SHOES,کیف و کفش,1400,2026-06-07T11:54:00,true
P011-JUN-055,P011,C-SHOES,کیف و کفش,1400,2026-06-07T11:55:00,true
P011-JUN-056,P011,C-SHOES,کیف و کفش,1400,2026-06-07T11:56:00,true
P011-JUN-057,P011,C-SHOES,کیف و کفش,1400,2026-06-07T11:57:00,true
P011-JUN-058,P011,C-SHOES,کیف و کفش,1400,2026-06-07T11:58:00,true
P011-JUN-059,P011,C-SHOES,کیف و کفش,1400,2026-06-07T11:59:00,true
P011-JUN-060,P011,C-SHOES,کیف و کفش,1400,2026-06-07T12:00:00,true
P011-JUN-061,P011,C-SHOES,کیف و کفش,1400,2026-06-07T12:01:00,true
P011-JUN-062,P011,C-SHOES,کیف و کفش,1400,2026-06-07T12:02:00,true
P011-JUN-063,P011,C-SHOES,کیف و کفش,1400,2026-06-07T12:03:00,true
P011-JUN-064,P011,C-SHOES,کیف و کفش,1400,2026-06-07T12:04:00,true
P011-JUN-065,P011,C-SHOES,کیف و کفش,1400,2026-06-07T12:05:00,true
P011-JUN-066,P011,C-SHOES,کیف و کفش,1400,2026-06-07T12:06:00,true
P011-JUN-067,P011,C-SHOES,کیف و کفش,1400,2026-06-07T12:07:00,true
P011-JUN-068,P011,C-SHOES,کیف و کفش,1400,2026-06-07T12:08:00,true
P011-JUN-069,P011,C-SHOES,کیف و کفش,1400,2026-06-07T12:09:00,true
P011-JUN-070,P011,C-SHOES,کیف و کفش,1400,2026-06-07T12:10:00,true
P011-JUN-071,P011,C-SHOES,کیف و کفش,1400,2026-06-07T12:11:00,true
P011-JUN-072,P011,C-SHOES,کیف و کفش,1400,2026-06-07T12:12:00,true
P011-JUN-073,P011,C-SHOES,کیف و کفش,1400,2026-06-07T12:13:00,true
P011-JUN-074,P011,C-SHOES,کیف و کفش,1400,2026-06-07T12:14:00,true
P011-JUN-075,P011,C-SHOES,کیف و کفش,1400,2026-06-07T12:15:00,true
P011-JUN-076,P011,C-SHOES,کیف و کفش,1400,2026-06-07T12:16:00,true
P011-JUN-077,P011,C-SHOES,کیف و کفش,1400,2026-06-07T12:17:00,true
P011-JUN-078,P011,C-SHOES,کیف و کفش,1400,2026-06-07T12:18:00,true
P011-JUN-079,P011,C-SHOES,کیف و کفش,1400,2026-06-07T12:19:00,true
P011-JUN-080,P011,C-SHOES,کیف و کفش,1400,2026-06-07T12:20:00,false
P011-JUN-081,P011,C-SHOES,کیف و کفش,1400,2026-06-07T12:21:00,false
P011-JUN-082,P011,C-SHOES,کیف و کفش,1400,2026-06-07T12:22:00,false
P011-JUN-083,P011,C-SHOES,کیف و کفش,1400,2026-06-07T12:23:00,false
P011-JUN-084,P011,C-SHOES,کیف و کفش,1400,2026-06-07T12:24:00,false
P011-JUN-085,P011,C-SHOES,کیف و کفش,1400,2026-06-07T12:25:00,false
P011-JUN-086,P011,C-SHOES,کیف و کفش,1400,2026-06-07T12:26:00,false
P011-JUN-087,P011,C-SHOES,کیف و کفش,1400,2026-06-07T12:27:00,false
P011-JUN-088,P011,C-SHOES,کیف و کفش,1400,2026-06-07T12:28:00,false
P011-JUN-089,P011,C-SHOES,کیف و کفش,1400,2026-06-07T12:29:00,false
P011-JUN-090,P011,C-SHOES,کیف و کفش,1400,2026-06-07T12:30:00,false
P011-JUN-091,P011,C-SHOES,کیف و کفش,1400,2026-06-07T12:31:00,false
P011-JUN-092,P011,C-SHOES,کیف و کفش,1400,2026-06-07T12:32:00,false
P011-JUN-093,P011,C-SHOES,کیف و کفش,1400,2026-06-07T12:33:00,false
P011-JUN-094,P011,C-SHOES,کیف و کفش,1400,2026-06-07T12:34:00,false
P011-JUN-095,P011,C-SHOES,کیف و کفش,1400,2026-06-07T12:35:00,false
P011-JUN-096,P011,C-SHOES,کیف و کفش,1400,2026-06-07T12:36:00,false
P011-JUN-097,P011,C-SHOES,کیف و کفش,1400,2026-06-07T12:37:00,false
P011-JUN-098,P011,C-SHOES,کیف و کفش,1400,2026-06-07T12:38:00,false
P011-JUN-099,P011,C-SHOES,کیف و کفش,1400,2026-06-07T12:39:00,false
P012-JUN-000,P012,C-SHOES,کیف و کفش,100000,2026-06-08T12:00:00,true
P012-JUN-001,P012,C-SHOES,کیف و کفش,100000,2026-06-08T12:01:00,true
P012-JUN-002,P012,C-SHOES,کیف و کفش,100000,2026-06-08T12:02:00,true
P012-JUN-003,P012,C-SHOES,کیف و کفش,100000,2026-06-08T12:03:00,true
P012-JUN-004,P012,C-SHOES,کیف و کفش,100000,2026-06-08T12:04:00,true
P012-JUN-005,P012,C-SHOES,کیف و کفش,100000,2026-06-08T12:05:00,true
P012-JUN-006,P012,C-SHOES,کیف و کفش,100000,2026-06-08T12:06:00,true
P012-JUN-007,P012,C-SHOES,کیف و کفش,100000,2026-06-08T12:07:00,true
P012-JUN-008,P012,C-SHOES,کیف و کفش,100000,2026-06-08T12:08:00,true
P012-JUN-009,P012,C-SHOES,کیف و کفش,100000,2026-06-08T12:09:00,true
P012-JUN-010,P012,C-SHOES,کیف و کفش,100000,2026-06-08T12:10:00,true
P012-JUN-011,P012,C-SHOES,کیف و کفش,100000,2026-06-08T12:11:00,true
P012-JUN-012,P012,C-SHOES,کیف و کفش,100000,2026-06-08T12:12:00,true
P012-JUN-013,P012,C-SHOES,کیف و کفش,100000,2026-06-08T12:13:00,true
P012-JUN-014,P012,C-SHOES,کیف و کفش,100000,2026-06-08T12:14:00,true
P012-JUN-015,P012,C-SHOES,کیف و کفش,100000,2026-06-08T12:15:00,true
P012-JUN-016,P012,C-SHOES,کیف و کفش,100000,2026-06-08T12:16:00,true
P012-JUN-017,P012,C-SHOES,کیف و کفش,100000,2026-06-08T12:17:00,true
P012-JUN-018,P012,C-SHOES,کیف و کفش,100000,2026-06-08T12:18:00,true
P012-JUN-019,P012,C-SHOES,کیف و کفش,100000,2026-06-08T12:19:00,true
P012-JUN-020,P012,C-SHOES,کیف و کفش,100000,2026-06-08T12:20:00,true
P012-JUN-021,P012,C-SHOES,کیف و کفش,100000,2026-06-08T12:21:00,true
P012-JUN-022,P012,C-SHOES,کیف و کفش,100000,2026-06-08T12:22:00,true
P012-JUN-023,P012,C-SHOES,کیف و کفش,100000,2026-06-08T12:23:00,true
P012-JUN-024,P012,C-SHOES,کیف و کفش,100000,2026-06-08T12:24:00,true
P012-JUN-025,P012,C-SHOES,کیف و کفش,100000,2026-06-08T12:25:00,true
P012-JUN-026,P012,C-SHOES,کیف و کفش,100000,2026-06-08T12:26:00,true
P012-JUN-027,P012,C-SHOES,کیف و کفش,100000,2026-06-08T12:27:00,true
P012-JUN-028,P012,C-SHOES,کیف و کفش,100000,2026-06-08T12:28:00,true
P012-JUN-029,P012,C-SHOES,کیف و کفش,100000,2026-06-08T12:29:00,true
P012-JUN-030,P012,C-SHOES,کیف و کفش,100000,2026-06-08T12:30:00,true
P012-JUN-031,P012,C-SHOES,کیف و کفش,100000,2026-06-08T12:31:00,true
P012-JUN-032,P012,C-SHOES,کیف و کفش,100000,2026-06-08T12:32:00,true
P012-JUN-033,P012,C-SHOES,کیف و کفش,100000,2026-06-08T12:33:00,true
P012-JUN-034,P012,C-SHOES,کیف و کفش,100000,2026-06-08T12:34:00,true
P012-JUN-035,P012,C-SHOES,کیف و کفش,100000,2026-06-08T12:35:00,true
P012-JUN-036,P012,C-SHOES,کیف و کفش,100000,2026-06-08T12:36:00,true
P012-JUN-037,P012,C-SHOES,کیف و کفش,100000,2026-06-08T12:37:00,true
P012-JUN-038,P012,C-SHOES,کیف و کفش,100000,2026-06-08T12:38:00,true
P012-JUN-039,P012,C-SHOES,کیف و کفش,100000,2026-06-08T12:39:00,true
P012-JUN-040,P012,C-SHOES,کیف و کفش,100000,2026-06-08T12:40:00,true
P012-JUN-041,P012,C-SHOES,کیف و کفش,100000,2026-06-08T12:41:00,true
P012-JUN-042,P012,C-SHOES,کیف و کفش,100000,2026-06-08T12:42:00,true
P012-JUN-043,P012,C-SHOES,کیف و کفش,100000,2026-06-08T12:43:00,true
P012-JUN-044,P012,C-SHOES,کیف و کفش,100000,2026-06-08T12:44:00,true
P012-JUN-045,P012,C-SHOES,کیف و کفش,100000,2026-06-08T12:45:00,true
P012-JUN-046,P012,C-SHOES,کیف و کفش,100000,2026-06-08T12:46:00,true
P012-JUN-047,P012,C-SHOES,کیف و کفش,100000,2026-06-08T12:47:00,true
P012-JUN-048,P012,C-SHOES,کیف و کفش,100000,2026-06-08T12:48:00,true
P012-JUN-049,P012,C-SHOES,کیف و کفش,100000,2026-06-08T12:49:00,true
P012-JUN-050,P012,C-SHOES,کیف و کفش,100000,2026-06-08T12:50:00,true
P012-JUN-051,P012,C-SHOES,کیف و کفش,100000,2026-06-08T12:51:00,true
P012-JUN-052,P012,C-SHOES,کیف و کفش,100000,2026-06-08T12:52:00,true
P012-JUN-053,P012,C-SHOES,کیف و کفش,100000,2026-06-08T12:53:00,true
P012-JUN-054,P012,C-SHOES,کیف و کفش,100000,2026-06-08T12:54:00,true
P012-JUN-055,P012,C-SHOES,کیف و کفش,100000,2026-06-08T12:55:00,true
P012-JUN-056,P012,C-SHOES,کیف و کفش,100000,2026-06-08T12:56:00,true
P012-JUN-057,P012,C-SHOES,کیف و کفش,100000,2026-06-08T12:57:00,true
P012-JUN-058,P012,C-SHOES,کیف و کفش,100000,2026-06-08T12:58:00,true
P012-JUN-059,P012,C-SHOES,کیف و کفش,100000,2026-06-08T12:59:00,true
P012-JUN-060,P012,C-SHOES,کیف و کفش,100000,2026-06-08T13:00:00,true
P012-JUN-061,P012,C-SHOES,کیف و کفش,100000,2026-06-08T13:01:00,true
P012-JUN-062,P012,C-SHOES,کیف و کفش,100000,2026-06-08T13:02:00,true
P012-JUN-063,P012,C-SHOES,کیف و کفش,100000,2026-06-08T13:03:00,true
P012-JUN-064,P012,C-SHOES,کیف و کفش,100000,2026-06-08T13:04:00,true
P012-JUN-065,P012,C-SHOES,کیف و کفش,100000,2026-06-08T13:05:00,true
P012-JUN-066,P012,C-SHOES,کیف و کفش,100000,2026-06-08T13:06:00,true
P012-JUN-067,P012,C-SHOES,کیف و کفش,100000,2026-06-08T13:07:00,true
P012-JUN-068,P012,C-SHOES,کیف و کفش,100000,2026-06-08T13:08:00,true
P012-JUN-069,P012,C-SHOES,کیف و کفش,100000,2026-06-08T13:09:00,true
P012-JUN-070,P012,C-SHOES,کیف و کفش,100000,2026-06-08T13:10:00,true
P012-JUN-071,P012,C-SHOES,کیف و کفش,100000,2026-06-08T13:11:00,true
P012-JUN-072,P012,C-SHOES,کیف و کفش,100000,2026-06-08T13:12:00,true
P012-JUN-073,P012,C-SHOES,کیف و کفش,100000,2026-06-08T13:13:00,true
P012-JUN-074,P012,C-SHOES,کیف و کفش,100000,2026-06-08T13:14:00,true
P012-JUN-075,P012,C-SHOES,کیف و کفش,100000,2026-06-08T13:15:00,true
P012-JUN-076,P012,C-SHOES,کیف و کفش,100000,2026-06-08T13:16:00,true
P012-JUN-077,P012,C-SHOES,کیف و کفش,100000,2026-06-08T13:17:00,true
P012-JUN-078,P012,C-SHOES,کیف و کفش,100000,2026-06-08T13:18:00,true
P012-JUN-079,P012,C-SHOES,کیف و کفش,100000,2026-06-08T13:19:00,true
P012-JUN-080,P012,C-SHOES,کیف و کفش,100000,2026-06-08T13:20:00,true
P012-JUN-081,P012,C-SHOES,کیف و کفش,100000,2026-06-08T13:21:00,true
P012-JUN-082,P012,C-SHOES,کیف و کفش,100000,2026-06-08T13:22:00,true
P012-JUN-083,P012,C-SHOES,کیف و کفش,100000,2026-06-08T13:23:00,true
P012-JUN-084,P012,C-SHOES,کیف و کفش,100000,2026-06-08T13:24:00,true
P012-JUN-085,P012,C-SHOES,کیف و کفش,100000,2026-06-08T13:25:00,true
P012-JUN-086,P012,C-SHOES,کیف و کفش,100000,2026-06-08T13:26:00,true
P012-JUN-087,P012,C-SHOES,کیف و کفش,100000,2026-06-08T13:27:00,true
P012-JUN-088,P012,C-SHOES,کیف و کفش,100000,2026-06-08T13:28:00,true
P012-JUN-089,P012,C-SHOES,کیف و کفش,100000,2026-06-08T13:29:00,true
P012-JUN-090,P012,C-SHOES,کیف و کفش,100000,2026-06-08T13:30:00,false
P012-JUN-091,P012,C-SHOES,کیف و کفش,100000,2026-06-08T13:31:00,false
P012-JUN-092,P012,C-SHOES,کیف و کفش,100000,2026-06-08T13:32:00,false
P012-JUN-093,P012,C-SHOES,کیف و کفش,100000,2026-06-08T13:33:00,false
P012-JUN-094,P012,C-SHOES,کیف و کفش,100000,2026-06-08T13:34:00,false
P012-JUN-095,P012,C-SHOES,کیف و کفش,100000,2026-06-08T13:35:00,false
P012-JUN-096,P012,C-SHOES,کیف و کفش,100000,2026-06-08T13:36:00,false
P012-JUN-097,P012,C-SHOES,کیف و کفش,100000,2026-06-08T13:37:00,false
P012-JUN-098,P012,C-SHOES,کیف و کفش,100000,2026-06-08T13:38:00,false
P012-JUN-099,P012,C-SHOES,کیف و کفش,100000,2026-06-08T13:39:00,false
